Problem1,InitialLB,Initial UB,Best Solution,Is Optimal,ERR,Run time
HBB1,852,852,852,1,0,0
HBB2,852,852,852,1,0,0
HBB,852,852,852,1,0,0
,Problem2,,,,,
,867,867,867,1,0,0
,867,867,867,1,0,0
,867,867,867,1,0,0
,Problem3,,,,,
,813,813,813,1,0,0
,813,813,813,1,0,0
,813,813,813,1,0,0
,Problem4,,,,,
,809,809,809,1,0,0
,809,809,809,1,0,0
,809,809,809,1,0,0
,Problem5,,,,,
,840,840,840,1,0,0
,840,840,840,1,0,0
,840,840,840,1,0,0
,Problem6,,,,,
,826,826,826,1,0,0
,826,826,826,1,0,0
,826,826,826,1,0,0
,Problem7,,,,,
,821,821,821,1,0,0
,821,821,821,1,0,0
,821,821,821,1,0,0
,Problem8,,,,,
,818,818,818,1,0,0
,818,818,818,1,0,0
,818,818,818,1,0,0
,Problem9,,,,,
,842,842,842,1,0,0
,842,842,842,1,0,0
,842,842,842,1,0,0
,Problem10,,,,,
,953,953,953,1,0,0
,953,953,953,1,0,0
,953,953,953,1,0,0
,Problem11,,,,,
,848,876,858,1,0,0.001
,848,876,858,1,0,0
,848,876,858,1,0,0
,Problem12,,,,,
,866,888,866,1,0,0.001
,866,888,866,1,0,0
,866,888,866,1,0,0
,Problem13,,,,,
,858,869,869,1,0,5.537
,858,869,869,1,0,2.588
,858,869,869,1,0,0.013
,Problem14,,,,,
,840,840,840,1,0,0
,840,840,840,1,0,0
,840,840,840,1,0,0
,Problem15,,,,,
,831,831,831,1,0,0
,831,831,831,1,0,0
,831,831,831,1,0,0
,Problem16,,,,,
,823,823,823,1,0,0
,823,823,823,1,0,0
,823,823,823,1,0,0
,Problem17,,,,,
,879,879,879,1,0,0
,879,879,879,1,0,0
,879,879,879,1,0,0
,Problem18,,,,,
,838,838,838,1,0,0
,838,838,838,1,0,0
,838,838,838,1,0,0
,Problem19,,,,,
,824,824,824,1,0,0
,824,824,824,1,0,0
,824,824,824,1,0,0
,Problem20,,,,,
,812,812,812,1,0,0
,812,812,812,1,0,0
,812,812,812,1,0,0
,Problem21,,,,,
,790,790,790,1,0,0
,790,790,790,1,0,0
,790,790,790,1,0,0
,Problem22,,,,,
,832,839,834,1,0,1.056
,832,839,834,1,0,0.95
,832,839,834,1,0,0.018
,Problem23,,,,,
,890,890,890,1,0,0
,890,890,890,1,0,0
,890,890,890,1,0,0
,Problem24,,,,,
,809,809,809,1,0,0
,809,809,809,1,0,0
,809,809,809,1,0,0
,Problem25,,,,,
,860,860,860,1,0,0
,860,860,860,1,0,0
,860,860,860,1,0,0
,Problem26,,,,,
,810,810,810,1,0,0
,810,810,810,1,0,0
,810,810,810,1,0,0
,Problem27,,,,,
,888,888,888,1,0,0
,888,888,888,1,0,0
,888,888,888,1,0,0
,Problem28,,,,,
,783,783,783,1,0,0
,783,783,783,1,0,0
,783,783,783,1,0,0
,Problem29,,,,,
,868,868,868,1,0,0
,868,868,868,1,0,0
,868,868,868,1,0,0
,Problem30,,,,,
,862,862,862,1,0,0
,862,862,862,1,0,0
,862,862,862,1,0,0
,Problem31,,,,,
,790,790,790,1,0,0
,790,790,790,1,0,0
,790,790,790,1,0,0
,Problem32,,,,,
,845,845,845,1,0,0
,845,845,845,1,0,0
,845,845,845,1,0,0
,Problem33,,,,,
,855,855,855,1,0,0
,855,855,855,1,0,0
,855,855,855,1,0,0
,Problem34,,,,,
,891,891,891,1,0,0
,891,891,891,1,0,0
,891,891,891,1,0,0
,Problem35,,,,,
,801,801,801,1,0,0
,801,801,801,1,0,0
,801,801,801,1,0,0
,Problem36,,,,,
,776,778,776,1,0,0
,776,778,776,1,0,0
,776,778,776,1,0,0
,Problem37,,,,,
,841,844,844,1,0,1.122
,841,844,844,1,0,0.646
,841,844,844,1,0,0.017
,Problem38,,,,,
,805,805,805,1,0,0
,805,805,805,1,0,0
,805,805,805,1,0,0
,Problem39,,,,,
,834,834,834,1,0,0
,834,834,834,1,0,0
,834,834,834,1,0,0
,Problem40,,,,,
,872,872,872,1,0,0
,872,872,872,1,0,0
,872,872,872,1,0,0
,Problem41,,,,,
,861,870,861,1,0,0.001
,861,870,861,1,0,0
,861,870,861,1,0,0
,Problem42,,,,,
,905,905,905,1,0,0
,905,905,905,1,0,0
,905,905,905,1,0,0
,Problem43,,,,,
,819,820,820,1,0,0.913
,819,820,820,1,0,0.845
,819,820,820,1,0,0.03
,Problem44,,,,,
,899,899,899,1,0,0
,899,899,899,1,0,0
,899,899,899,1,0,0
,Problem45,,,,,
,907,907,907,1,0,0
,907,907,907,1,0,0
,907,907,907,1,0,0
,Problem46,,,,,
,818,818,818,1,0,0
,818,818,818,1,0,0
,818,818,818,1,0,0
,Problem47,,,,,
,868,887,868,1,0,0.001
,868,887,868,1,0,0
,868,887,868,1,0,0
,Problem48,,,,,
,857,857,857,1,0,0
,857,857,857,1,0,0
,857,857,857,1,0,0
,Problem49,,,,,
,866,866,866,1,0,0
,866,866,866,1,0,0
,866,866,866,1,0,0
,Problem50,,,,,
,839,839,839,1,0,0
,839,839,839,1,0,0
,839,839,839,1,0,0
,Problem51,,,,,
,851,851,851,1,0,0
,851,851,851,1,0,0
,851,851,851,1,0,0
,Problem52,,,,,
,897,904,897,1,0,0.001
,897,904,897,1,0,0.001
,897,904,897,1,0,0
,Problem53,,,,,
,923,928,928,1,0,0
,923,928,928,1,0,0
,923,928,928,1,0,0
,Problem54,,,,,
,863,863,863,1,0,0
,863,863,863,1,0,0
,863,863,863,1,0,0
,Problem55,,,,,
,877,877,877,1,0,0
,877,877,877,1,0,0
,877,877,877,1,0,0
,Problem56,,,,,
,901,901,901,1,0,0
,901,901,901,1,0,0
,901,901,901,1,0,0
,Problem57,,,,,
,858,861,861,1,0,15.427
,858,861,861,1,0,14.156
,858,861,861,1,0,0.032
,Problem58,,,,,
,941,941,941,1,0,0
,941,941,941,1,0,0
,941,941,941,1,0,0
,Problem59,,,,,
,889,889,889,1,0,0
,889,889,889,1,0,0
,889,889,889,1,0,0
,Problem60,,,,,
,923,923,923,1,0,0
,923,923,923,1,0,0
,923,923,923,1,0,0
,Problem61,,,,,
,1597,1597,1597,1,0,0
,1597,1597,1597,1,0,0
,1597,1597,1597,1,0,0
,Problem62,,,,,
,1594,1594,1594,1,0,0
,1594,1594,1594,1,0,0
,1594,1594,1594,1,0,0
,Problem63,,,,,
,1540,1540,1540,1,0,0
,1540,1540,1540,1,0,0
,1540,1540,1540,1,0,0
,Problem64,,,,,
,1757,1757,1757,1,0,0
,1757,1757,1757,1,0,0
,1757,1757,1757,1,0,0
,Problem65,,,,,
,1598,1598,1598,1,0,0
,1598,1598,1598,1,0,0
,1598,1598,1598,1,0,0
,Problem66,,,,,
,1679,1680,1679,1,0,0.001
,1679,1680,1679,1,0,0
,1679,1680,1679,1,0,0
,Problem67,,,,,
,1566,1591,1566,1,0,0.004
,1566,1591,1566,1,0,0.003
,1566,1591,1566,1,0,0.001
,Problem68,,,,,
,1596,1596,1596,1,0,0
,1596,1596,1596,1,0,0
,1596,1596,1596,1,0,0
,Problem69,,,,,
,1465,1465,1465,1,0,0
,1465,1465,1465,1,0,0
,1465,1465,1465,1,0,0
,Problem70,,,,,
,1582,1582,1582,1,0,0
,1582,1582,1582,1,0,0
,1582,1582,1582,1,0,0
,Problem71,,,,,
,1837,1837,1837,1,0,0
,1837,1837,1837,1,0,0
,1837,1837,1837,1,0,0
,Problem72,,,,,
,1525,1537,1528,1,0,0.001
,1525,1537,1528,1,0,0.001
,1525,1537,1528,1,0,0.001
,Problem73,,,,,
,1521,1521,1521,1,0,0
,1521,1521,1521,1,0,0
,1521,1521,1521,1,0,0
,Problem74,,,,,
,1529,1529,1529,1,0,0
,1529,1529,1529,1,0,0
,1529,1529,1529,1,0,0
,Problem75,,,,,
,1649,1649,1649,1,0,0
,1649,1649,1649,1,0,0
,1649,1649,1649,1,0,0
,Problem76,,,,,
,1633,1633,1633,1,0,0
,1633,1633,1633,1,0,0
,1633,1633,1633,1,0,0
,Problem77,,,,,
,1747,1750,1750,0,0.00171723,120
,1747,1750,1750,0,0.00171723,120
,1747,1750,1750,0,0.00171723,0.099
,Problem78,,,,,
,1636,1636,1636,1,0,0
,1636,1636,1636,1,0,0
,1636,1636,1636,1,0,0
,Problem79,,,,,
,1473,1473,1473,1,0,0
,1473,1473,1473,1,0,0
,1473,1473,1473,1,0,0
,Problem80,,,,,
,1658,1658,1658,1,0,0
,1658,1658,1658,1,0,0
,1658,1658,1658,1,0,0
,Problem81,,,,,
,1535,1535,1535,1,0,0
,1535,1535,1535,1,0,0
,1535,1535,1535,1,0,0
,Problem82,,,,,
,1635,1649,1635,1,0,0.001
,1635,1649,1635,1,0,0
,1635,1649,1635,1,0,0
,Problem83,,,,,
,1561,1561,1561,1,0,0
,1561,1561,1561,1,0,0
,1561,1561,1561,1,0,0
,Problem84,,,,,
,1678,1678,1678,1,0,0
,1678,1678,1678,1,0,0
,1678,1678,1678,1,0,0
,Problem85,,,,,
,1632,1632,1632,1,0,0
,1632,1632,1632,1,0,0
,1632,1632,1632,1,0,0
,Problem86,,,,,
,1652,1652,1652,1,0,0
,1652,1652,1652,1,0,0
,1652,1652,1652,1,0,0
,Problem87,,,,,
,1577,1577,1577,1,0,0
,1577,1577,1577,1,0,0
,1577,1577,1577,1,0,0
,Problem88,,,,,
,1514,1514,1514,1,0,0
,1514,1514,1514,1,0,0
,1514,1514,1514,1,0,0
,Problem89,,,,,
,1636,1636,1636,1,0,0
,1636,1636,1636,1,0,0
,1636,1636,1636,1,0,0
,Problem90,,,,,
,1582,1611,1586,0,0.00252845,120
,1582,1611,1586,0,0.00252845,120
,1582,1611,1586,0,0.00252845,0.123
,Problem91,,,,,
,1568,1568,1568,1,0,0
,1568,1568,1568,1,0,0
,1568,1568,1568,1,0,0
,Problem92,,,,,
,1610,1610,1610,1,0,0
,1610,1610,1610,1,0,0
,1610,1610,1610,1,0,0
,Problem93,,,,,
,1601,1601,1601,1,0,0
,1601,1601,1601,1,0,0
,1601,1601,1601,1,0,0
,Problem94,,,,,
,1610,1611,1611,0,0.000621118,120
,1610,1611,1611,0,0.000621118,120
,1610,1611,1611,0,0.000621118,0.143
,Problem95,,,,,
,1635,1635,1635,1,0,0
,1635,1635,1635,1,0,0
,1635,1635,1635,1,0,0
,Problem96,,,,,
,1634,1634,1634,1,0,0
,1634,1634,1634,1,0,0
,1634,1634,1634,1,0,0
,Problem97,,,,,
,1741,1757,1741,1,0,0.003
,1741,1757,1741,1,0,0.003
,1741,1757,1741,1,0,0.002
,Problem98,,,,,
,1616,1616,1616,1,0,0
,1616,1616,1616,1,0,0
,1616,1616,1616,1,0,0
,Problem99,,,,,
,1461,1463,1461,1,0,0.001
,1461,1463,1461,1,0,0.001
,1461,1463,1461,1,0,0.001
,Problem100,,,,,
,1584,1584,1584,1,0,0
,1584,1584,1584,1,0,0
,1584,1584,1584,1,0,0
,Problem101,,,,,
,1682,1682,1682,1,0,0
,1682,1682,1682,1,0,0
,1682,1682,1682,1,0,0
,Problem102,,,,,
,1580,1580,1580,1,0,0
,1580,1580,1580,1,0,0
,1580,1580,1580,1,0,0
,Problem103,,,,,
,1761,1761,1761,1,0,0
,1761,1761,1761,1,0,0
,1761,1761,1761,1,0,0
,Problem104,,,,,
,1646,1646,1646,1,0,0
,1646,1646,1646,1,0,0
,1646,1646,1646,1,0,0
,Problem105,,,,,
,1662,1662,1662,1,0,0
,1662,1662,1662,1,0,0
,1662,1662,1662,1,0,0
,Problem106,,,,,
,1627,1627,1627,1,0,0
,1627,1627,1627,1,0,0
,1627,1627,1627,1,0,0
,Problem107,,,,,
,1609,1609,1609,1,0,0
,1609,1609,1609,1,0,0
,1609,1609,1609,1,0,0
,Problem108,,,,,
,1651,1651,1651,1,0,0
,1651,1651,1651,1,0,0
,1651,1651,1651,1,0,0
,Problem109,,,,,
,1621,1621,1621,1,0,0
,1621,1621,1621,1,0,0
,1621,1621,1621,1,0,0
,Problem110,,,,,
,1580,1580,1580,1,0,0
,1580,1580,1580,1,0,0
,1580,1580,1580,1,0,0
,Problem111,,,,,
,1730,1730,1730,1,0,0
,1730,1730,1730,1,0,0
,1730,1730,1730,1,0,0
,Problem112,,,,,
,1664,1664,1664,1,0,0
,1664,1664,1664,1,0,0
,1664,1664,1664,1,0,0
,Problem113,,,,,
,1678,1678,1678,1,0,0
,1678,1678,1678,1,0,0
,1678,1678,1678,1,0,0
,Problem114,,,,,
,1681,1681,1681,1,0,0
,1681,1681,1681,1,0,0
,1681,1681,1681,1,0,0
,Problem115,,,,,
,1695,1695,1695,1,0,0
,1695,1695,1695,1,0,0
,1695,1695,1695,1,0,0
,Problem116,,,,,
,1583,1588,1583,1,0,0.001
,1583,1588,1583,1,0,0.001
,1583,1588,1583,1,0,0
,Problem117,,,,,
,1706,1732,1711,1,0,0.004
,1706,1732,1711,1,0,0.003
,1706,1732,1711,1,0,0.003
,Problem118,,,,,
,1535,1538,1538,0,0.0019544,120
,1535,1538,1538,0,0.0019544,120
,1535,1538,1538,0,0.0019544,0.224
,Problem119,,,,,
,1715,1715,1715,1,0,0
,1715,1715,1715,1,0,0
,1715,1715,1715,1,0,0
,Problem120,,,,,
,1595,1595,1595,1,0,0
,1595,1595,1595,1,0,0
,1595,1595,1595,1,0,0
,Problem121,,,,,
,3778,3778,3778,1,0,0
,3778,3778,3778,1,0,0
,3778,3778,3778,1,0,0
,Problem122,,,,,
,3999,3999,3999,1,0,0
,3999,3999,3999,1,0,0
,3999,3999,3999,1,0,0
,Problem123,,,,,
,3981,3981,3981,1,0,0
,3981,3981,3981,1,0,0
,3981,3981,3981,1,0,0
,Problem124,,,,,
,3975,3975,3975,1,0,0
,3975,3975,3975,1,0,0
,3975,3975,3975,1,0,0
,Problem125,,,,,
,3895,3895,3895,1,0,0
,3895,3895,3895,1,0,0
,3895,3895,3895,1,0,0
,Problem126,,,,,
,3933,3933,3933,1,0,0
,3933,3933,3933,1,0,0
,3933,3933,3933,1,0,0
,Problem127,,,,,
,3781,3781,3781,1,0,0
,3781,3781,3781,1,0,0
,3781,3781,3781,1,0,0
,Problem128,,,,,
,4023,4023,4023,1,0,0
,4023,4023,4023,1,0,0
,4023,4023,4023,1,0,0
,Problem129,,,,,
,3938,3938,3938,1,0,0
,3938,3938,3938,1,0,0
,3938,3938,3938,1,0,0
,Problem130,,,,,
,3776,3776,3776,1,0,0
,3776,3776,3776,1,0,0
,3776,3776,3776,1,0,0
,Problem131,,,,,
,3729,3729,3729,1,0,0
,3729,3729,3729,1,0,0
,3729,3729,3729,1,0,0
,Problem132,,,,,
,3847,3847,3847,1,0,0
,3847,3847,3847,1,0,0
,3847,3847,3847,1,0,0
,Problem133,,,,,
,4090,4090,4090,1,0,0
,4090,4090,4090,1,0,0
,4090,4090,4090,1,0,0
,Problem134,,,,,
,3994,3994,3994,1,0,0
,3994,3994,3994,1,0,0
,3994,3994,3994,1,0,0
,Problem135,,,,,
,3857,3857,3857,1,0,0
,3857,3857,3857,1,0,0
,3857,3857,3857,1,0,0
,Problem136,,,,,
,3899,3899,3899,1,0,0
,3899,3899,3899,1,0,0
,3899,3899,3899,1,0,0
,Problem137,,,,,
,3981,3981,3981,1,0,0
,3981,3981,3981,1,0,0
,3981,3981,3981,1,0,0
,Problem138,,,,,
,3809,3839,3809,1,0,0.005
,3809,3839,3809,1,0,0.004
,3809,3839,3809,1,0,0.002
,Problem139,,,,,
,3807,3807,3807,1,0,0
,3807,3807,3807,1,0,0
,3807,3807,3807,1,0,0
,Problem140,,,,,
,3730,3730,3730,1,0,0
,3730,3730,3730,1,0,0
,3730,3730,3730,1,0,0
,Problem141,,,,,
,3784,3784,3784,1,0,0
,3784,3784,3784,1,0,0
,3784,3784,3784,1,0,0
,Problem142,,,,,
,4028,4028,4028,1,0,0
,4028,4028,4028,1,0,0
,4028,4028,4028,1,0,0
,Problem143,,,,,
,3853,3853,3853,1,0,0
,3853,3853,3853,1,0,0
,3853,3853,3853,1,0,0
,Problem144,,,,,
,3911,3911,3911,1,0,0
,3911,3911,3911,1,0,0
,3911,3911,3911,1,0,0
,Problem145,,,,,
,4043,4043,4043,1,0,0
,4043,4043,4043,1,0,0
,4043,4043,4043,1,0,0
,Problem146,,,,,
,4017,4017,4017,1,0,0
,4017,4017,4017,1,0,0
,4017,4017,4017,1,0,0
,Problem147,,,,,
,3839,3843,3839,1,0,0.003
,3839,3843,3839,1,0,0.002
,3839,3843,3839,1,0,0.002
,Problem148,,,,,
,3853,3853,3853,1,0,0
,3853,3853,3853,1,0,0
,3853,3853,3853,1,0,0
,Problem149,,,,,
,3887,3887,3887,1,0,0
,3887,3887,3887,1,0,0
,3887,3887,3887,1,0,0
,Problem150,,,,,
,3970,3970,3970,1,0,0
,3970,3970,3970,1,0,0
,3970,3970,3970,1,0,0
,Problem151,,,,,
,3859,3865,3860,1,0,0.006
,3859,3865,3860,1,0,0.005
,3859,3865,3860,1,0,0.003
,Problem152,,,,,
,3898,3898,3898,1,0,0
,3898,3898,3898,1,0,0
,3898,3898,3898,1,0,0
,Problem153,,,,,
,3932,3955,3933,1,0,0.025
,3932,3955,3933,1,0,0.025
,3932,3955,3933,1,0,0.021
,Problem154,,,,,
,3876,3876,3876,1,0,0
,3876,3876,3876,1,0,0
,3876,3876,3876,1,0,0
,Problem155,,,,,
,3851,3851,3851,1,0,0
,3851,3851,3851,1,0,0
,3851,3851,3851,1,0,0
,Problem156,,,,,
,3993,3993,3993,1,0,0
,3993,3993,3993,1,0,0
,3993,3993,3993,1,0,0
,Problem157,,,,,
,3881,3892,3881,1,0,0.006
,3881,3892,3881,1,0,0.005
,3881,3892,3881,1,0,0.003
,Problem158,,,,,
,3847,3847,3847,1,0,0
,3847,3847,3847,1,0,0
,3847,3847,3847,1,0,0
,Problem159,,,,,
,3901,3901,3901,1,0,0
,3901,3901,3901,1,0,0
,3901,3901,3901,1,0,0
,Problem160,,,,,
,4114,4114,4114,1,0,0
,4114,4114,4114,1,0,0
,4114,4114,4114,1,0,0
,Problem161,,,,,
,3908,3908,3908,1,0,0
,3908,3908,3908,1,0,0
,3908,3908,3908,1,0,0
,Problem162,,,,,
,3928,3928,3928,1,0,0
,3928,3928,3928,1,0,0
,3928,3928,3928,1,0,0
,Problem163,,,,,
,3856,3856,3856,1,0,0
,3856,3856,3856,1,0,0
,3856,3856,3856,1,0,0
,Problem164,,,,,
,3921,3921,3921,1,0,0
,3921,3921,3921,1,0,0
,3921,3921,3921,1,0,0
,Problem165,,,,,
,3992,3992,3992,1,0,0
,3992,3992,3992,1,0,0
,3992,3992,3992,1,0,0
,Problem166,,,,,
,3919,3919,3919,1,0,0
,3919,3919,3919,1,0,0
,3919,3919,3919,1,0,0
,Problem167,,,,,
,4011,4011,4011,1,0,0
,4011,4011,4011,1,0,0
,4011,4011,4011,1,0,0
,Problem168,,,,,
,3807,3808,3808,0,0.000262674,120
,3807,3808,3808,0,0.000262674,120
,3807,3808,3808,0,0.000262674,3.818
,Problem169,,,,,
,3866,3871,3871,0,0.00129333,120
,3866,3871,3871,0,0.00129333,120
,3866,3871,3871,0,0.00129333,3.433
,Problem170,,,,,
,3998,3998,3998,1,0,0
,3998,3998,3998,1,0,0
,3998,3998,3998,1,0,0
,Problem171,,,,,
,4021,4021,4021,1,0,0
,4021,4021,4021,1,0,0
,4021,4021,4021,1,0,0
,Problem172,,,,,
,4065,4065,4065,1,0,0
,4065,4065,4065,1,0,0
,4065,4065,4065,1,0,0
,Problem173,,,,,
,4037,4039,4039,0,0.000495417,120
,4037,4039,4039,0,0.000495417,120
,4037,4039,4039,0,0.000495417,3.782
,Problem174,,,,,
,4204,4204,4204,1,0,0
,4204,4204,4204,1,0,0
,4204,4204,4204,1,0,0
,Problem175,,,,,
,3856,3856,3856,1,0,0
,3856,3856,3856,1,0,0
,3856,3856,3856,1,0,0
,Problem176,,,,,
,4005,4012,4005,1,0,0.006
,4005,4012,4005,1,0,0.006
,4005,4012,4005,1,0,0.004
,Problem177,,,,,
,3983,3983,3983,1,0,0
,3983,3983,3983,1,0,0
,3983,3983,3983,1,0,0
,Problem178,,,,,
,4114,4114,4114,1,0,0
,4114,4114,4114,1,0,0
,4114,4114,4114,1,0,0
,Problem179,,,,,
,3830,3830,3830,1,0,0
,3830,3830,3830,1,0,0
,3830,3830,3830,1,0,0
,Problem180,,,,,
,3877,3877,3877,1,0,0
,3877,3877,3877,1,0,0
,3877,3877,3877,1,0,0
,Problem181,,,,,
,7641,7641,7641,1,0,0
,7641,7641,7641,1,0,0
,7641,7641,7641,1,0,0
,Problem182,,,,,
,7612,7612,7612,1,0,0
,7612,7612,7612,1,0,0
,7612,7612,7612,1,0,0
,Problem183,,,,,
,7686,7686,7686,1,0,0
,7686,7686,7686,1,0,0
,7686,7686,7686,1,0,0
,Problem184,,,,,
,7708,7708,7708,1,0,0
,7708,7708,7708,1,0,0
,7708,7708,7708,1,0,0
,Problem185,,,,,
,7571,7571,7571,1,0,0
,7571,7571,7571,1,0,0
,7571,7571,7571,1,0,0
,Problem186,,,,,
,7728,7728,7728,1,0,0
,7728,7728,7728,1,0,0
,7728,7728,7728,1,0,0
,Problem187,,,,,
,7458,7458,7458,1,0,0
,7458,7458,7458,1,0,0
,7458,7458,7458,1,0,0
,Problem188,,,,,
,7658,7658,7658,1,0,0
,7658,7658,7658,1,0,0
,7658,7658,7658,1,0,0
,Problem189,,,,,
,7718,7718,7718,1,0,0
,7718,7718,7718,1,0,0
,7718,7718,7718,1,0,0
,Problem190,,,,,
,7746,7767,7746,1,0,0.023
,7746,7767,7746,1,0,0.022
,7746,7767,7746,1,0,0.019
,Problem191,,,,,
,7638,7651,7638,1,0,0.013
,7638,7651,7638,1,0,0.008
,7638,7651,7638,1,0,0.006
,Problem192,,,,,
,7447,7447,7447,1,0,0
,7447,7447,7447,1,0,0
,7447,7447,7447,1,0,0
,Problem193,,,,,
,7744,7744,7744,1,0,0
,7744,7744,7744,1,0,0
,7744,7744,7744,1,0,0
,Problem194,,,,,
,7884,7884,7884,1,0,0
,7884,7884,7884,1,0,0
,7884,7884,7884,1,0,0
,Problem195,,,,,
,7871,7871,7871,1,0,0
,7871,7871,7871,1,0,0
,7871,7871,7871,1,0,0
,Problem196,,,,,
,7373,7373,7373,1,0,0
,7373,7373,7373,1,0,0
,7373,7373,7373,1,0,0
,Problem197,,,,,
,7561,7576,7564,1,0,0.025
,7561,7576,7564,1,0,0.024
,7561,7576,7564,1,0,0.018
,Problem198,,,,,
,7569,7584,7583,1,0,0.02
,7569,7584,7583,1,0,0.017
,7569,7584,7583,1,0,0.015
,Problem199,,,,,
,7817,7817,7817,1,0,0
,7817,7817,7817,1,0,0
,7817,7817,7817,1,0,0
,Problem200,,,,,
,7779,7779,7779,1,0,0
,7779,7779,7779,1,0,0
,7779,7779,7779,1,0,0
,Problem201,,,,,
,7647,7647,7647,1,0,0
,7647,7647,7647,1,0,0
,7647,7647,7647,1,0,0
,Problem202,,,,,
,7958,7958,7958,1,0,0
,7958,7958,7958,1,0,0
,7958,7958,7958,1,0,0
,Problem203,,,,,
,7473,7473,7473,1,0,0
,7473,7473,7473,1,0,0
,7473,7473,7473,1,0,0
,Problem204,,,,,
,7332,7332,7332,1,0,0
,7332,7332,7332,1,0,0
,7332,7332,7332,1,0,0
,Problem205,,,,,
,7589,7589,7589,1,0,0
,7589,7589,7589,1,0,0
,7589,7589,7589,1,0,0
,Problem206,,,,,
,7847,7847,7847,1,0,0
,7847,7847,7847,1,0,0
,7847,7847,7847,1,0,0
,Problem207,,,,,
,7424,7424,7424,1,0,0
,7424,7424,7424,1,0,0
,7424,7424,7424,1,0,0
,Problem208,,,,,
,7880,7880,7880,1,0,0
,7880,7880,7880,1,0,0
,7880,7880,7880,1,0,0
,Problem209,,,,,
,7851,7851,7851,1,0,0
,7851,7851,7851,1,0,0
,7851,7851,7851,1,0,0
,Problem210,,,,,
,7581,7581,7581,1,0,0
,7581,7581,7581,1,0,0
,7581,7581,7581,1,0,0
,Problem211,,,,,
,7904,7904,7904,1,0,0
,7904,7904,7904,1,0,0
,7904,7904,7904,1,0,0
,Problem212,,,,,
,7663,7663,7663,1,0,0
,7663,7663,7663,1,0,0
,7663,7663,7663,1,0,0
,Problem213,,,,,
,7574,7592,7582,0,0.00105625,120
,7574,7592,7582,0,0.00105625,120
,7574,7592,7582,0,0.00105625,15.612
,Problem214,,,,,
,7888,7888,7888,1,0,0
,7888,7888,7888,1,0,0
,7888,7888,7888,1,0,0
,Problem215,,,,,
,7761,7771,7762,1,0,0.02
,7761,7771,7762,1,0,0.012
,7761,7771,7762,1,0,0.011
,Problem216,,,,,
,7949,7949,7949,1,0,0
,7949,7949,7949,1,0,0
,7949,7949,7949,1,0,0
,Problem217,,,,,
,7747,7747,7747,1,0,0
,7747,7747,7747,1,0,0
,7747,7747,7747,1,0,0
,Problem218,,,,,
,7638,7638,7638,1,0,0
,7638,7638,7638,1,0,0
,7638,7638,7638,1,0,0
,Problem219,,,,,
,7726,7726,7726,1,0,0
,7726,7726,7726,1,0,0
,7726,7726,7726,1,0,0
,Problem220,,,,,
,7763,7763,7763,1,0,0
,7763,7763,7763,1,0,0
,7763,7763,7763,1,0,0
,Problem221,,,,,
,7655,7655,7655,1,0,0
,7655,7655,7655,1,0,0
,7655,7655,7655,1,0,0
,Problem222,,,,,
,7754,7754,7754,1,0,0
,7754,7754,7754,1,0,0
,7754,7754,7754,1,0,0
,Problem223,,,,,
,7828,7828,7828,1,0,0
,7828,7828,7828,1,0,0
,7828,7828,7828,1,0,0
,Problem224,,,,,
,7770,7770,7770,1,0,0
,7770,7770,7770,1,0,0
,7770,7770,7770,1,0,0
,Problem225,,,,,
,7759,7759,7759,1,0,0
,7759,7759,7759,1,0,0
,7759,7759,7759,1,0,0
,Problem226,,,,,
,7762,7762,7762,1,0,0
,7762,7762,7762,1,0,0
,7762,7762,7762,1,0,0
,Problem227,,,,,
,7639,7639,7639,1,0,0
,7639,7639,7639,1,0,0
,7639,7639,7639,1,0,0
,Problem228,,,,,
,7734,7747,7734,1,0,0.035
,7734,7747,7734,1,0,0.033
,7734,7747,7734,1,0,0.02
,Problem229,,,,,
,7666,7666,7666,1,0,0
,7666,7666,7666,1,0,0
,7666,7666,7666,1,0,0
,Problem230,,,,,
,7669,7669,7669,1,0,0
,7669,7669,7669,1,0,0
,7669,7669,7669,1,0,0
,Problem231,,,,,
,7670,7670,7670,1,0,0
,7670,7670,7670,1,0,0
,7670,7670,7670,1,0,0
,Problem232,,,,,
,7921,7921,7921,1,0,0
,7921,7921,7921,1,0,0
,7921,7921,7921,1,0,0
,Problem233,,,,,
,7718,7718,7718,1,0,0
,7718,7718,7718,1,0,0
,7718,7718,7718,1,0,0
,Problem234,,,,,
,7642,7642,7642,1,0,0
,7642,7642,7642,1,0,0
,7642,7642,7642,1,0,0
,Problem235,,,,,
,7728,7728,7728,1,0,0
,7728,7728,7728,1,0,0
,7728,7728,7728,1,0,0
,Problem236,,,,,
,7878,7878,7878,1,0,0
,7878,7878,7878,1,0,0
,7878,7878,7878,1,0,0
,Problem237,,,,,
,7740,7740,7740,1,0,0
,7740,7740,7740,1,0,0
,7740,7740,7740,1,0,0
,Problem238,,,,,
,7596,7596,7596,1,0,0
,7596,7596,7596,1,0,0
,7596,7596,7596,1,0,0
,Problem239,,,,,
,7752,7752,7752,1,0,0
,7752,7752,7752,1,0,0
,7752,7752,7752,1,0,0
,Problem240,,,,,
,7769,7769,7769,1,0,0
,7769,7769,7769,1,0,0
,7769,7769,7769,1,0,0
,Problem241,,,,,
,15061,15061,15061,1,0,0
,15061,15061,15061,1,0,0
,15061,15061,15061,1,0,0
,Problem242,,,,,
,15016,15016,15016,1,0,0
,15016,15016,15016,1,0,0
,15016,15016,15016,1,0,0
,Problem243,,,,,
,15302,15302,15302,1,0,0
,15302,15302,15302,1,0,0
,15302,15302,15302,1,0,0
,Problem244,,,,,
,15275,15275,15275,1,0,0
,15275,15275,15275,1,0,0
,15275,15275,15275,1,0,0
,Problem245,,,,,
,15012,15035,15012,1,0,0.029
,15012,15035,15012,1,0,0.022
,15012,15035,15012,1,0,0.021
,Problem246,,,,,
,15201,15201,15201,1,0,0
,15201,15201,15201,1,0,0
,15201,15201,15201,1,0,0
,Problem247,,,,,
,14989,14989,14989,1,0,0
,14989,14989,14989,1,0,0
,14989,14989,14989,1,0,0
,Problem248,,,,,
,15329,15329,15329,1,0,0
,15329,15329,15329,1,0,0
,15329,15329,15329,1,0,0
,Problem249,,,,,
,15400,15400,15400,1,0,0
,15400,15400,15400,1,0,0
,15400,15400,15400,1,0,0
,Problem250,,,,,
,15213,15213,15213,1,0,0
,15213,15213,15213,1,0,0
,15213,15213,15213,1,0,0
,Problem251,,,,,
,15321,15321,15321,1,0,0
,15321,15321,15321,1,0,0
,15321,15321,15321,1,0,0
,Problem252,,,,,
,15347,15347,15347,1,0,0
,15347,15347,15347,1,0,0
,15347,15347,15347,1,0,0
,Problem253,,,,,
,14987,14987,14987,1,0,0
,14987,14987,14987,1,0,0
,14987,14987,14987,1,0,0
,Problem254,,,,,
,14996,14996,14996,1,0,0
,14996,14996,14996,1,0,0
,14996,14996,14996,1,0,0
,Problem255,,,,,
,15011,15042,15011,1,0,0.159
,15011,15042,15011,1,0,0.145
,15011,15042,15011,1,0,0.086
,Problem256,,,,,
,15312,15312,15312,1,0,0
,15312,15312,15312,1,0,0
,15312,15312,15312,1,0,0
,Problem257,,,,,
,14952,14952,14952,1,0,0
,14952,14952,14952,1,0,0
,14952,14952,14952,1,0,0
,Problem258,,,,,
,15032,15032,15032,1,0,0
,15032,15032,15032,1,0,0
,15032,15032,15032,1,0,0
,Problem259,,,,,
,14960,14960,14960,1,0,0
,14960,14960,14960,1,0,0
,14960,14960,14960,1,0,0
,Problem260,,,,,
,15103,15103,15103,1,0,0
,15103,15103,15103,1,0,0
,15103,15103,15103,1,0,0
,Problem261,,,,,
,14977,14977,14977,1,0,0
,14977,14977,14977,1,0,0
,14977,14977,14977,1,0,0
,Problem262,,,,,
,15138,15138,15138,1,0,0
,15138,15138,15138,1,0,0
,15138,15138,15138,1,0,0
,Problem263,,,,,
,15036,15036,15036,1,0,0
,15036,15036,15036,1,0,0
,15036,15036,15036,1,0,0
,Problem264,,,,,
,14948,14965,14948,1,0,0.213
,14948,14965,14948,1,0,0.178
,14948,14965,14948,1,0,0.076
,Problem265,,,,,
,15492,15492,15492,1,0,0
,15492,15492,15492,1,0,0
,15492,15492,15492,1,0,0
,Problem266,,,,,
,14893,14928,14893,1,0,0.313
,14893,14928,14893,1,0,0.3
,14893,14928,14893,1,0,0.044
,Problem267,,,,,
,15398,15398,15398,1,0,0
,15398,15398,15398,1,0,0
,15398,15398,15398,1,0,0
,Problem268,,,,,
,15406,15406,15406,1,0,0
,15406,15406,15406,1,0,0
,15406,15406,15406,1,0,0
,Problem269,,,,,
,15093,15093,15093,1,0,0
,15093,15093,15093,1,0,0
,15093,15093,15093,1,0,0
,Problem270,,,,,
,14901,14901,14901,1,0,0
,14901,14901,14901,1,0,0
,14901,14901,14901,1,0,0
,Problem271,,,,,
,15320,15320,15320,1,0,0
,15320,15320,15320,1,0,0
,15320,15320,15320,1,0,0
,Problem272,,,,,
,15357,15357,15357,1,0,0
,15357,15357,15357,1,0,0
,15357,15357,15357,1,0,0
,Problem273,,,,,
,15339,15339,15339,1,0,0
,15339,15339,15339,1,0,0
,15339,15339,15339,1,0,0
,Problem274,,,,,
,15007,15007,15007,1,0,0
,15007,15007,15007,1,0,0
,15007,15007,15007,1,0,0
,Problem275,,,,,
,15491,15491,15491,1,0,0
,15491,15491,15491,1,0,0
,15491,15491,15491,1,0,0
,Problem276,,,,,
,15211,15211,15211,1,0,0
,15211,15211,15211,1,0,0
,15211,15211,15211,1,0,0
,Problem277,,,,,
,15631,15637,15637,0,0.000383853,120
,15631,15637,15637,0,0.000383853,120
,15631,15637,15637,0,0.000383853,120
,Problem278,,,,,
,15054,15054,15054,1,0,0
,15054,15054,15054,1,0,0
,15054,15054,15054,1,0,0
,Problem279,,,,,
,15059,15059,15059,1,0,0
,15059,15059,15059,1,0,0
,15059,15059,15059,1,0,0
,Problem280,,,,,
,14703,14713,14703,1,0,0.077
,14703,14713,14703,1,0,0.045
,14703,14713,14703,1,0,0.04
,Problem281,,,,,
,15136,15136,15136,1,0,0
,15136,15136,15136,1,0,0
,15136,15136,15136,1,0,0
,Problem282,,,,,
,15046,15046,15046,1,0,0
,15046,15046,15046,1,0,0
,15046,15046,15046,1,0,0
,Problem283,,,,,
,15222,15222,15222,1,0,0
,15222,15222,15222,1,0,0
,15222,15222,15222,1,0,0
,Problem284,,,,,
,15481,15481,15481,1,0,0
,15481,15481,15481,1,0,0
,15481,15481,15481,1,0,0
,Problem285,,,,,
,15338,15338,15338,1,0,0
,15338,15338,15338,1,0,0
,15338,15338,15338,1,0,0
,Problem286,,,,,
,15249,15249,15249,1,0,0
,15249,15249,15249,1,0,0
,15249,15249,15249,1,0,0
,Problem287,,,,,
,15001,15001,15001,1,0,0
,15001,15001,15001,1,0,0
,15001,15001,15001,1,0,0
,Problem288,,,,,
,15338,15338,15338,1,0,0
,15338,15338,15338,1,0,0
,15338,15338,15338,1,0,0
,Problem289,,,,,
,15085,15104,15085,1,0,0.315
,15085,15104,15085,1,0,0.312
,15085,15104,15085,1,0,0.079
,Problem290,,,,,
,15353,15353,15353,1,0,0
,15353,15353,15353,1,0,0
,15353,15353,15353,1,0,0
,Problem291,,,,,
,15317,15317,15317,1,0,0
,15317,15317,15317,1,0,0
,15317,15317,15317,1,0,0
,Problem292,,,,,
,15268,15268,15268,1,0,0
,15268,15268,15268,1,0,0
,15268,15268,15268,1,0,0
,Problem293,,,,,
,15450,15450,15450,1,0,0
,15450,15450,15450,1,0,0
,15450,15450,15450,1,0,0
,Problem294,,,,,
,15367,15367,15367,1,0,0
,15367,15367,15367,1,0,0
,15367,15367,15367,1,0,0
,Problem295,,,,,
,15388,15409,15388,1,0,0.277
,15388,15409,15388,1,0,0.27
,15388,15409,15388,1,0,0.213
,Problem296,,,,,
,15425,15425,15425,1,0,0
,15425,15425,15425,1,0,0
,15425,15425,15425,1,0,0
,Problem297,,,,,
,15129,15129,15129,1,0,0
,15129,15129,15129,1,0,0
,15129,15129,15129,1,0,0
,Problem298,,,,,
,15295,15295,15295,1,0,0
,15295,15295,15295,1,0,0
,15295,15295,15295,1,0,0
,Problem299,,,,,
,15494,15494,15494,1,0,0
,15494,15494,15494,1,0,0
,15494,15494,15494,1,0,0
,Problem300,,,,,
,15453,15453,15453,1,0,0
,15453,15453,15453,1,0,0
,15453,15453,15453,1,0,0
,Problem301,,,,,
,37577,37577,37577,1,0,0
,37577,37577,37577,1,0,0
,37577,37577,37577,1,0,0
,Problem302,,,,,
,37533,37533,37533,1,0,0
,37533,37533,37533,1,0,0
,37533,37533,37533,1,0,0
,Problem303,,,,,
,37728,37728,37728,1,0,0
,37728,37728,37728,1,0,0
,37728,37728,37728,1,0,0
,Problem304,,,,,
,37046,37046,37046,1,0,0
,37046,37046,37046,1,0,0
,37046,37046,37046,1,0,0
,Problem305,,,,,
,37964,37966,37964,1,0,0.173
,37964,37966,37964,1,0,0.123
,37964,37966,37964,1,0,0.123
,Problem306,,,,,
,37006,37009,37006,1,0,0.18
,37006,37009,37006,1,0,0.128
,37006,37009,37006,1,0,0.124
,Problem307,,,,,
,37183,37183,37183,1,0,0
,37183,37183,37183,1,0,0
,37183,37183,37183,1,0,0
,Problem308,,,,,
,37378,37378,37378,1,0,0
,37378,37378,37378,1,0,0
,37378,37378,37378,1,0,0
,Problem309,,,,,
,37576,37576,37576,1,0,0
,37576,37576,37576,1,0,0
,37576,37576,37576,1,0,0
,Problem310,,,,,
,37680,37680,37680,1,0,0
,37680,37680,37680,1,0,0
,37680,37680,37680,1,0,0
,Problem311,,,,,
,37366,37366,37366,1,0,0
,37366,37366,37366,1,0,0
,37366,37366,37366,1,0,0
,Problem312,,,,,
,37536,37536,37536,1,0,0
,37536,37536,37536,1,0,0
,37536,37536,37536,1,0,0
,Problem313,,,,,
,37556,37556,37556,1,0,0
,37556,37556,37556,1,0,0
,37556,37556,37556,1,0,0
,Problem314,,,,,
,37081,37081,37081,1,0,0
,37081,37081,37081,1,0,0
,37081,37081,37081,1,0,0
,Problem315,,,,,
,37639,37639,37639,1,0,0
,37639,37639,37639,1,0,0
,37639,37639,37639,1,0,0
,Problem316,,,,,
,37590,37590,37590,1,0,0
,37590,37590,37590,1,0,0
,37590,37590,37590,1,0,0
,Problem317,,,,,
,37466,37466,37466,1,0,0
,37466,37466,37466,1,0,0
,37466,37466,37466,1,0,0
,Problem318,,,,,
,37665,37665,37665,1,0,0
,37665,37665,37665,1,0,0
,37665,37665,37665,1,0,0
,Problem319,,,,,
,37371,37371,37371,1,0,0
,37371,37371,37371,1,0,0
,37371,37371,37371,1,0,0
,Problem320,,,,,
,37659,37659,37659,1,0,0
,37659,37659,37659,1,0,0
,37659,37659,37659,1,0,0
,Problem321,,,,,
,37373,37373,37373,1,0,0
,37373,37373,37373,1,0,0
,37373,37373,37373,1,0,0
,Problem322,,,,,
,37926,37926,37926,1,0,0
,37926,37926,37926,1,0,0
,37926,37926,37926,1,0,0
,Problem323,,,,,
,37883,37883,37883,1,0,0
,37883,37883,37883,1,0,0
,37883,37883,37883,1,0,0
,Problem324,,,,,
,37578,37578,37578,1,0,0
,37578,37578,37578,1,0,0
,37578,37578,37578,1,0,0
,Problem325,,,,,
,37555,37555,37555,1,0,0
,37555,37555,37555,1,0,0
,37555,37555,37555,1,0,0
,Problem326,,,,,
,36948,36948,36948,1,0,0
,36948,36948,36948,1,0,0
,36948,36948,36948,1,0,0
,Problem327,,,,,
,37990,37990,37990,1,0,0
,37990,37990,37990,1,0,0
,37990,37990,37990,1,0,0
,Problem328,,,,,
,37568,37568,37568,1,0,0
,37568,37568,37568,1,0,0
,37568,37568,37568,1,0,0
,Problem329,,,,,
,37188,37188,37188,1,0,0
,37188,37188,37188,1,0,0
,37188,37188,37188,1,0,0
,Problem330,,,,,
,37703,37703,37703,1,0,0
,37703,37703,37703,1,0,0
,37703,37703,37703,1,0,0
,Problem331,,,,,
,38053,38053,38053,1,0,0
,38053,38053,38053,1,0,0
,38053,38053,38053,1,0,0
,Problem332,,,,,
,37486,37486,37486,1,0,0
,37486,37486,37486,1,0,0
,37486,37486,37486,1,0,0
,Problem333,,,,,
,37469,37469,37469,1,0,0
,37469,37469,37469,1,0,0
,37469,37469,37469,1,0,0
,Problem334,,,,,
,38248,38248,38248,1,0,0
,38248,38248,38248,1,0,0
,38248,38248,38248,1,0,0
,Problem335,,,,,
,38573,38573,38573,1,0,0
,38573,38573,38573,1,0,0
,38573,38573,38573,1,0,0
,Problem336,,,,,
,37804,37804,37804,1,0,0
,37804,37804,37804,1,0,0
,37804,37804,37804,1,0,0
,Problem337,,,,,
,37887,37887,37887,1,0,0
,37887,37887,37887,1,0,0
,37887,37887,37887,1,0,0
,Problem338,,,,,
,37296,37351,37313,1,0,1.721
,37296,37351,37313,1,0,1.643
,37296,37351,37313,1,0,1.05
,Problem339,,,,,
,37581,37581,37581,1,0,0
,37581,37581,37581,1,0,0
,37581,37581,37581,1,0,0
,Problem340,,,,,
,37954,37954,37954,1,0,0
,37954,37954,37954,1,0,0
,37954,37954,37954,1,0,0
,Problem341,,,,,
,37935,37935,37935,1,0,0
,37935,37935,37935,1,0,0
,37935,37935,37935,1,0,0
,Problem342,,,,,
,38339,38339,38339,1,0,0
,38339,38339,38339,1,0,0
,38339,38339,38339,1,0,0
,Problem343,,,,,
,37297,37297,37297,1,0,0
,37297,37297,37297,1,0,0
,37297,37297,37297,1,0,0
,Problem344,,,,,
,37935,37935,37935,1,0,0
,37935,37935,37935,1,0,0
,37935,37935,37935,1,0,0
,Problem345,,,,,
,37858,37858,37858,1,0,0
,37858,37858,37858,1,0,0
,37858,37858,37858,1,0,0
,Problem346,,,,,
,37853,37853,37853,1,0,0
,37853,37853,37853,1,0,0
,37853,37853,37853,1,0,0
,Problem347,,,,,
,37826,37826,37826,1,0,0
,37826,37826,37826,1,0,0
,37826,37826,37826,1,0,0
,Problem348,,,,,
,37267,37267,37267,1,0,0
,37267,37267,37267,1,0,0
,37267,37267,37267,1,0,0
,Problem349,,,,,
,37644,37644,37644,1,0,0
,37644,37644,37644,1,0,0
,37644,37644,37644,1,0,0
,Problem350,,,,,
,37548,37548,37548,1,0,0
,37548,37548,37548,1,0,0
,37548,37548,37548,1,0,0
,Problem351,,,,,
,38371,38371,38371,1,0,0
,38371,38371,38371,1,0,0
,38371,38371,38371,1,0,0
,Problem352,,,,,
,37475,37475,37475,1,0,0
,37475,37475,37475,1,0,0
,37475,37475,37475,1,0,0
,Problem353,,,,,
,37782,37782,37782,1,0,0
,37782,37782,37782,1,0,0
,37782,37782,37782,1,0,0
,Problem354,,,,,
,37708,37708,37708,1,0,0
,37708,37708,37708,1,0,0
,37708,37708,37708,1,0,0
,Problem355,,,,,
,37410,37410,37410,1,0,0
,37410,37410,37410,1,0,0
,37410,37410,37410,1,0,0
,Problem356,,,,,
,37688,37688,37688,1,0,0
,37688,37688,37688,1,0,0
,37688,37688,37688,1,0,0
,Problem357,,,,,
,37840,37840,37840,1,0,0
,37840,37840,37840,1,0,0
,37840,37840,37840,1,0,0
,Problem358,,,,,
,37666,37666,37666,1,0,0
,37666,37666,37666,1,0,0
,37666,37666,37666,1,0,0
,Problem359,,,,,
,37955,37955,37955,1,0,0
,37955,37955,37955,1,0,0
,37955,37955,37955,1,0,0
,Problem360,,,,,
,38219,38219,38219,1,0,0
,38219,38219,38219,1,0,0
,38219,38219,38219,1,0,0
,Problem361,,,,,
,76006,76006,76006,1,0,0
,76006,76006,76006,1,0,0
,76006,76006,76006,1,0,0
,Problem362,,,,,
,74448,74448,74448,1,0,0
,74448,74448,74448,1,0,0
,74448,74448,74448,1,0,0
,Problem363,,,,,
,74883,74883,74883,1,0,0
,74883,74883,74883,1,0,0
,74883,74883,74883,1,0,0
,Problem364,,,,,
,74193,74193,74193,1,0,0
,74193,74193,74193,1,0,0
,74193,74193,74193,1,0,0
,Problem365,,,,,
,74844,74844,74844,1,0,0
,74844,74844,74844,1,0,0
,74844,74844,74844,1,0,0
,Problem366,,,,,
,74569,74569,74569,1,0,0
,74569,74569,74569,1,0,0
,74569,74569,74569,1,0,0
,Problem367,,,,,
,74906,74906,74906,1,0,0
,74906,74906,74906,1,0,0
,74906,74906,74906,1,0,0
,Problem368,,,,,
,75488,75488,75488,1,0,0
,75488,75488,75488,1,0,0
,75488,75488,75488,1,0,0
,Problem369,,,,,
,74224,74226,74224,1,0,0.676
,74224,74226,74224,1,0,0.482
,74224,74226,74224,1,0,0.473
,Problem370,,,,,
,74418,74418,74418,1,0,0
,74418,74418,74418,1,0,0
,74418,74418,74418,1,0,0
,Problem371,,,,,
,75614,75614,75614,1,0,0
,75614,75614,75614,1,0,0
,75614,75614,75614,1,0,0
,Problem372,,,,,
,74798,74798,74798,1,0,0
,74798,74798,74798,1,0,0
,74798,74798,74798,1,0,0
,Problem373,,,,,
,74940,74940,74940,1,0,0
,74940,74940,74940,1,0,0
,74940,74940,74940,1,0,0
,Problem374,,,,,
,73783,73783,73783,1,0,0
,73783,73783,73783,1,0,0
,73783,73783,73783,1,0,0
,Problem375,,,,,
,75276,75276,75276,1,0,0
,75276,75276,75276,1,0,0
,75276,75276,75276,1,0,0
,Problem376,,,,,
,74762,74762,74762,1,0,0
,74762,74762,74762,1,0,0
,74762,74762,74762,1,0,0
,Problem377,,,,,
,74582,74590,74582,1,0,2.262
,74582,74590,74582,1,0,1.805
,74582,74590,74582,1,0,1.379
,Problem378,,,,,
,74503,74503,74503,1,0,0
,74503,74503,74503,1,0,0
,74503,74503,74503,1,0,0
,Problem379,,,,,
,75246,75246,75246,1,0,0
,75246,75246,75246,1,0,0
,75246,75246,75246,1,0,0
,Problem380,,,,,
,74913,74913,74913,1,0,0
,74913,74913,74913,1,0,0
,74913,74913,74913,1,0,0
,Problem381,,,,,
,75667,75667,75667,1,0,0
,75667,75667,75667,1,0,0
,75667,75667,75667,1,0,0
,Problem382,,,,,
,75275,75275,75275,1,0,0
,75275,75275,75275,1,0,0
,75275,75275,75275,1,0,0
,Problem383,,,,,
,74524,74524,74524,1,0,0
,74524,74524,74524,1,0,0
,74524,74524,74524,1,0,0
,Problem384,,,,,
,75424,75424,75424,1,0,0
,75424,75424,75424,1,0,0
,75424,75424,75424,1,0,0
,Problem385,,,,,
,75340,75340,75340,1,0,0
,75340,75340,75340,1,0,0
,75340,75340,75340,1,0,0
,Problem386,,,,,
,74840,74840,74840,1,0,0
,74840,74840,74840,1,0,0
,74840,74840,74840,1,0,0
,Problem387,,,,,
,74924,74924,74924,1,0,0
,74924,74924,74924,1,0,0
,74924,74924,74924,1,0,0
,Problem388,,,,,
,75489,75489,75489,1,0,0
,75489,75489,75489,1,0,0
,75489,75489,75489,1,0,0
,Problem389,,,,,
,74667,74667,74667,1,0,0
,74667,74667,74667,1,0,0
,74667,74667,74667,1,0,0
,Problem390,,,,,
,74683,74683,74683,1,0,0
,74683,74683,74683,1,0,0
,74683,74683,74683,1,0,0
,Problem391,,,,,
,74373,74373,74373,1,0,0
,74373,74373,74373,1,0,0
,74373,74373,74373,1,0,0
,Problem392,,,,,
,75091,75091,75091,1,0,0
,75091,75091,75091,1,0,0
,75091,75091,75091,1,0,0
,Problem393,,,,,
,75418,75418,75418,1,0,0
,75418,75418,75418,1,0,0
,75418,75418,75418,1,0,0
,Problem394,,,,,
,75196,75196,75196,1,0,0
,75196,75196,75196,1,0,0
,75196,75196,75196,1,0,0
,Problem395,,,,,
,75216,75216,75216,1,0,0
,75216,75216,75216,1,0,0
,75216,75216,75216,1,0,0
,Problem396,,,,,
,74171,74171,74171,1,0,0
,74171,74171,74171,1,0,0
,74171,74171,74171,1,0,0
,Problem397,,,,,
,74745,74745,74745,1,0,0
,74745,74745,74745,1,0,0
,74745,74745,74745,1,0,0
,Problem398,,,,,
,75717,75717,75717,1,0,0
,75717,75717,75717,1,0,0
,75717,75717,75717,1,0,0
,Problem399,,,,,
,74697,74697,74697,1,0,0
,74697,74697,74697,1,0,0
,74697,74697,74697,1,0,0
,Problem400,,,,,
,75182,75182,75182,1,0,0
,75182,75182,75182,1,0,0
,75182,75182,75182,1,0,0
,Problem401,,,,,
,74999,74999,74999,1,0,0
,74999,74999,74999,1,0,0
,74999,74999,74999,1,0,0
,Problem402,,,,,
,75080,75080,75080,1,0,0
,75080,75080,75080,1,0,0
,75080,75080,75080,1,0,0
,Problem403,,,,,
,75229,75229,75229,1,0,0
,75229,75229,75229,1,0,0
,75229,75229,75229,1,0,0
,Problem404,,,,,
,74979,74979,74979,1,0,0
,74979,74979,74979,1,0,0
,74979,74979,74979,1,0,0
,Problem405,,,,,
,75727,75727,75727,1,0,0
,75727,75727,75727,1,0,0
,75727,75727,75727,1,0,0
,Problem406,,,,,
,75728,75728,75728,1,0,0
,75728,75728,75728,1,0,0
,75728,75728,75728,1,0,0
,Problem407,,,,,
,74757,74757,74757,1,0,0
,74757,74757,74757,1,0,0
,74757,74757,74757,1,0,0
,Problem408,,,,,
,74787,74787,74787,1,0,0
,74787,74787,74787,1,0,0
,74787,74787,74787,1,0,0
,Problem409,,,,,
,74689,74689,74689,1,0,0
,74689,74689,74689,1,0,0
,74689,74689,74689,1,0,0
,Problem410,,,,,
,75157,75157,75157,1,0,0
,75157,75157,75157,1,0,0
,75157,75157,75157,1,0,0
,Problem411,,,,,
,75757,75757,75757,1,0,0
,75757,75757,75757,1,0,0
,75757,75757,75757,1,0,0
,Problem412,,,,,
,74568,74568,74568,1,0,0
,74568,74568,74568,1,0,0
,74568,74568,74568,1,0,0
,Problem413,,,,,
,75365,75365,75365,1,0,0
,75365,75365,75365,1,0,0
,75365,75365,75365,1,0,0
,Problem414,,,,,
,74156,74156,74156,1,0,0
,74156,74156,74156,1,0,0
,74156,74156,74156,1,0,0
,Problem415,,,,,
,75293,75293,75293,1,0,0
,75293,75293,75293,1,0,0
,75293,75293,75293,1,0,0
,Problem416,,,,,
,75235,75235,75235,1,0,0
,75235,75235,75235,1,0,0
,75235,75235,75235,1,0,0
,Problem417,,,,,
,75037,75037,75037,1,0,0
,75037,75037,75037,1,0,0
,75037,75037,75037,1,0,0
,Problem418,,,,,
,75449,75449,75449,1,0,0
,75449,75449,75449,1,0,0
,75449,75449,75449,1,0,0
,Problem419,,,,,
,74674,74674,74674,1,0,0
,74674,74674,74674,1,0,0
,74674,74674,74674,1,0,0
,Problem420,,,,,
,74870,74870,74870,1,0,0
,74870,74870,74870,1,0,0
,74870,74870,74870,1,0,0
,Problem421,,,,,
,149050,149093,149050,1,0,34.011
,149050,149093,149050,1,0,8.985
,149050,149093,149050,1,0,1.961
,Problem422,,,,,
,148354,148354,148354,1,0,0
,148354,148354,148354,1,0,0
,148354,148354,148354,1,0,0
,Problem423,,,,,
,148564,148564,148564,1,0,0
,148564,148564,148564,1,0,0
,148564,148564,148564,1,0,0
,Problem424,,,,,
,149306,149306,149306,1,0,0
,149306,149306,149306,1,0,0
,149306,149306,149306,1,0,0
,Problem425,,,,,
,149159,149159,149159,1,0,0
,149159,149159,149159,1,0,0
,149159,149159,149159,1,0,0
,Problem426,,,,,
,148284,148284,148284,1,0,0
,148284,148284,148284,1,0,0
,148284,148284,148284,1,0,0
,Problem427,,,,,
,148380,148380,148380,1,0,0
,148380,148380,148380,1,0,0
,148380,148380,148380,1,0,0
,Problem428,,,,,
,149055,149055,149055,1,0,0
,149055,149055,149055,1,0,0
,149055,149055,149055,1,0,0
,Problem429,,,,,
,149074,149074,149074,1,0,0
,149074,149074,149074,1,0,0
,149074,149074,149074,1,0,0
,Problem430,,,,,
,149258,149258,149258,1,0,0
,149258,149258,149258,1,0,0
,149258,149258,149258,1,0,0
,Problem431,,,,,
,148253,148253,148253,1,0,0
,148253,148253,148253,1,0,0
,148253,148253,148253,1,0,0
,Problem432,,,,,
,148753,148753,148753,1,0,0
,148753,148753,148753,1,0,0
,148753,148753,148753,1,0,0
,Problem433,,,,,
,149049,149049,149049,1,0,0
,149049,149049,149049,1,0,0
,149049,149049,149049,1,0,0
,Problem434,,,,,
,149345,149345,149345,1,0,0
,149345,149345,149345,1,0,0
,149345,149345,149345,1,0,0
,Problem435,,,,,
,149260,149260,149260,1,0,0
,149260,149260,149260,1,0,0
,149260,149260,149260,1,0,0
,Problem436,,,,,
,149099,149099,149099,1,0,0
,149099,149099,149099,1,0,0
,149099,149099,149099,1,0,0
,Problem437,,,,,
,151050,151050,151050,1,0,0
,151050,151050,151050,1,0,0
,151050,151050,151050,1,0,0
,Problem438,,,,,
,149685,149685,149685,1,0,0
,149685,149685,149685,1,0,0
,149685,149685,149685,1,0,0
,Problem439,,,,,
,148543,148543,148543,1,0,0
,148543,148543,148543,1,0,0
,148543,148543,148543,1,0,0
,Problem440,,,,,
,148570,148570,148570,1,0,0
,148570,148570,148570,1,0,0
,148570,148570,148570,1,0,0
,Problem441,,,,,
,148675,148675,148675,1,0,0
,148675,148675,148675,1,0,0
,148675,148675,148675,1,0,0
,Problem442,,,,,
,149438,149438,149438,1,0,0
,149438,149438,149438,1,0,0
,149438,149438,149438,1,0,0
,Problem443,,,,,
,149035,149035,149035,1,0,0
,149035,149035,149035,1,0,0
,149035,149035,149035,1,0,0
,Problem444,,,,,
,149495,149495,149495,1,0,0
,149495,149495,149495,1,0,0
,149495,149495,149495,1,0,0
,Problem445,,,,,
,148921,148921,148921,1,0,0
,148921,148921,148921,1,0,0
,148921,148921,148921,1,0,0
,Problem446,,,,,
,149468,149468,149468,1,0,0
,149468,149468,149468,1,0,0
,149468,149468,149468,1,0,0
,Problem447,,,,,
,149127,149127,149127,1,0,0
,149127,149127,149127,1,0,0
,149127,149127,149127,1,0,0
,Problem448,,,,,
,149091,149091,149091,1,0,0
,149091,149091,149091,1,0,0
,149091,149091,149091,1,0,0
,Problem449,,,,,
,149783,149783,149783,1,0,0
,149783,149783,149783,1,0,0
,149783,149783,149783,1,0,0
,Problem450,,,,,
,149387,149387,149387,1,0,0
,149387,149387,149387,1,0,0
,149387,149387,149387,1,0,0
,Problem451,,,,,
,149894,149894,149894,1,0,0
,149894,149894,149894,1,0,0
,149894,149894,149894,1,0,0
,Problem452,,,,,
,150065,150065,150065,1,0,0
,150065,150065,150065,1,0,0
,150065,150065,150065,1,0,0
,Problem453,,,,,
,149813,149813,149813,1,0,0
,149813,149813,149813,1,0,0
,149813,149813,149813,1,0,0
,Problem454,,,,,
,149112,149112,149112,1,0,0
,149112,149112,149112,1,0,0
,149112,149112,149112,1,0,0
,Problem455,,,,,
,149051,149051,149051,1,0,0
,149051,149051,149051,1,0,0
,149051,149051,149051,1,0,0
,Problem456,,,,,
,149637,149637,149637,1,0,0
,149637,149637,149637,1,0,0
,149637,149637,149637,1,0,0
,Problem457,,,,,
,149509,149509,149509,1,0,0
,149509,149509,149509,1,0,0
,149509,149509,149509,1,0,0
,Problem458,,,,,
,149001,149001,149001,1,0,0
,149001,149001,149001,1,0,0
,149001,149001,149001,1,0,0
,Problem459,,,,,
,148712,148712,148712,1,0,0
,148712,148712,148712,1,0,0
,148712,148712,148712,1,0,0
,Problem460,,,,,
,149404,149404,149404,1,0,0
,149404,149404,149404,1,0,0
,149404,149404,149404,1,0,0
,Problem461,,,,,
,149947,149947,149947,1,0,0
,149947,149947,149947,1,0,0
,149947,149947,149947,1,0,0
,Problem462,,,,,
,149156,149156,149156,1,0,0
,149156,149156,149156,1,0,0
,149156,149156,149156,1,0,0
,Problem463,,,,,
,149240,149240,149240,1,0,0
,149240,149240,149240,1,0,0
,149240,149240,149240,1,0,0
,Problem464,,,,,
,150340,150340,150340,1,0,0
,150340,150340,150340,1,0,0
,150340,150340,150340,1,0,0
,Problem465,,,,,
,149329,149329,149329,1,0,0
,149329,149329,149329,1,0,0
,149329,149329,149329,1,0,0
,Problem466,,,,,
,149650,149650,149650,1,0,0
,149650,149650,149650,1,0,0
,149650,149650,149650,1,0,0
,Problem467,,,,,
,150131,150131,150131,1,0,0
,150131,150131,150131,1,0,0
,150131,150131,150131,1,0,0
,Problem468,,,,,
,150046,150046,150046,1,0,0
,150046,150046,150046,1,0,0
,150046,150046,150046,1,0,0
,Problem469,,,,,
,150285,150285,150285,1,0,0
,150285,150285,150285,1,0,0
,150285,150285,150285,1,0,0
,Problem470,,,,,
,149694,149694,149694,1,0,0
,149694,149694,149694,1,0,0
,149694,149694,149694,1,0,0
,Problem471,,,,,
,149888,149888,149888,1,0,0
,149888,149888,149888,1,0,0
,149888,149888,149888,1,0,0
,Problem472,,,,,
,150048,150048,150048,1,0,0
,150048,150048,150048,1,0,0
,150048,150048,150048,1,0,0
,Problem473,,,,,
,150186,150186,150186,1,0,0
,150186,150186,150186,1,0,0
,150186,150186,150186,1,0,0
,Problem474,,,,,
,149565,149565,149565,1,0,0
,149565,149565,149565,1,0,0
,149565,149565,149565,1,0,0
,Problem475,,,,,
,149778,149778,149778,1,0,0
,149778,149778,149778,1,0,0
,149778,149778,149778,1,0,0
,Problem476,,,,,
,149314,149314,149314,1,0,0
,149314,149314,149314,1,0,0
,149314,149314,149314,1,0,0
,Problem477,,,,,
,152149,152149,152149,1,0,0
,152149,152149,152149,1,0,0
,152149,152149,152149,1,0,0
,Problem478,,,,,
,150208,150208,150208,1,0,0
,150208,150208,150208,1,0,0
,150208,150208,150208,1,0,0
,Problem479,,,,,
,149837,149837,149837,1,0,0
,149837,149837,149837,1,0,0
,149837,149837,149837,1,0,0
,Problem480,,,,,
,149066,149066,149066,1,0,0
,149066,149066,149066,1,0,0
,149066,149066,149066,1,0,0
,Problem481,,,,,
,373041,373041,373041,1,0,0
,373041,373041,373041,1,0,0
,373041,373041,373041,1,0,0
,Problem482,,,,,
,369106,369144,369106,1,0,50.19
,369106,369144,369106,1,0,44.927
,369106,369144,369106,1,0,11.034
,Problem483,,,,,
,372274,372274,372274,1,0,0
,372274,372274,372274,1,0,0
,372274,372274,372274,1,0,0
,Problem484,,,,,
,373553,373553,373553,1,0,0
,373553,373553,373553,1,0,0
,373553,373553,373553,1,0,0
,Problem485,,,,,
,371695,371695,371695,1,0,0
,371695,371695,371695,1,0,0
,371695,371695,371695,1,0,0
,Problem486,,,,,
,371909,371909,371909,1,0,0
,371909,371909,371909,1,0,0
,371909,371909,371909,1,0,0
,Problem487,,,,,
,371396,371396,371396,1,0,0
,371396,371396,371396,1,0,0
,371396,371396,371396,1,0,0
,Problem488,,,,,
,370486,370486,370486,1,0,0
,370486,370486,370486,1,0,0
,370486,370486,370486,1,0,0
,Problem489,,,,,
,371915,371915,371915,1,0,0
,371915,371915,371915,1,0,0
,371915,371915,371915,1,0,0
,Problem490,,,,,
,371809,371809,371809,1,0,0
,371809,371809,371809,1,0,0
,371809,371809,371809,1,0,0
,Problem491,,,,,
,372306,372306,372306,1,0,0
,372306,372306,372306,1,0,0
,372306,372306,372306,1,0,0
,Problem492,,,,,
,371440,371440,371440,1,0,0
,371440,371440,371440,1,0,0
,371440,371440,371440,1,0,0
,Problem493,,,,,
,370608,370608,370608,1,0,0
,370608,370608,370608,1,0,0
,370608,370608,370608,1,0,0
,Problem494,,,,,
,371737,371737,371737,1,0,0
,371737,371737,371737,1,0,0
,371737,371737,371737,1,0,0
,Problem495,,,,,
,371781,371781,371781,1,0,0
,371781,371781,371781,1,0,0
,371781,371781,371781,1,0,0
,Problem496,,,,,
,371619,371619,371619,1,0,0
,371619,371619,371619,1,0,0
,371619,371619,371619,1,0,0
,Problem497,,,,,
,371160,371160,371160,1,0,0
,371160,371160,371160,1,0,0
,371160,371160,371160,1,0,0
,Problem498,,,,,
,371304,371304,371304,1,0,0
,371304,371304,371304,1,0,0
,371304,371304,371304,1,0,0
,Problem499,,,,,
,372602,372602,372602,1,0,0
,372602,372602,372602,1,0,0
,372602,372602,372602,1,0,0
,Problem500,,,,,
,371836,371836,371836,1,0,0
,371836,371836,371836,1,0,0
,371836,371836,371836,1,0,0
,Problem501,,,,,
,371783,371783,371783,1,0,0
,371783,371783,371783,1,0,0
,371783,371783,371783,1,0,0
,Problem502,,,,,
,370916,370916,370916,1,0,0
,370916,370916,370916,1,0,0
,370916,370916,370916,1,0,0
,Problem503,,,,,
,373517,373517,373517,1,0,0
,373517,373517,373517,1,0,0
,373517,373517,373517,1,0,0
,Problem504,,,,,
,371710,371710,371710,1,0,0
,371710,371710,371710,1,0,0
,371710,371710,371710,1,0,0
,Problem505,,,,,
,370332,370332,370332,1,0,0
,370332,370332,370332,1,0,0
,370332,370332,370332,1,0,0
,Problem506,,,,,
,370959,370959,370959,1,0,0
,370959,370959,370959,1,0,0
,370959,370959,370959,1,0,0
,Problem507,,,,,
,372658,372658,372658,1,0,0
,372658,372658,372658,1,0,0
,372658,372658,372658,1,0,0
,Problem508,,,,,
,371688,371688,371688,1,0,0
,371688,371688,371688,1,0,0
,371688,371688,371688,1,0,0
,Problem509,,,,,
,373250,373250,373250,1,0,0
,373250,373250,373250,1,0,0
,373250,373250,373250,1,0,0
,Problem510,,,,,
,372287,372287,372287,1,0,0
,372287,372287,372287,1,0,0
,372287,372287,372287,1,0,0
,Problem511,,,,,
,371896,371896,371896,1,0,0
,371896,371896,371896,1,0,0
,371896,371896,371896,1,0,0
,Problem512,,,,,
,373058,373058,373058,1,0,0
,373058,373058,373058,1,0,0
,373058,373058,373058,1,0,0
,Problem513,,,,,
,373866,373866,373866,1,0,0
,373866,373866,373866,1,0,0
,373866,373866,373866,1,0,0
,Problem514,,,,,
,371883,371883,371883,1,0,0
,371883,371883,371883,1,0,0
,371883,371883,371883,1,0,0
,Problem515,,,,,
,371974,371974,371974,1,0,0
,371974,371974,371974,1,0,0
,371974,371974,371974,1,0,0
,Problem516,,,,,
,371129,371129,371129,1,0,0
,371129,371129,371129,1,0,0
,371129,371129,371129,1,0,0
,Problem517,,,,,
,372003,372003,372003,1,0,0
,372003,372003,372003,1,0,0
,372003,372003,372003,1,0,0
,Problem518,,,,,
,373450,373450,373450,1,0,0
,373450,373450,373450,1,0,0
,373450,373450,373450,1,0,0
,Problem519,,,,,
,372628,372628,372628,1,0,0
,372628,372628,372628,1,0,0
,372628,372628,372628,1,0,0
,Problem520,,,,,
,373603,373603,373603,1,0,0
,373603,373603,373603,1,0,0
,373603,373603,373603,1,0,0
,Problem521,,,,,
,371957,371957,371957,1,0,0
,371957,371957,371957,1,0,0
,371957,371957,371957,1,0,0
,Problem522,,,,,
,372728,372728,372728,1,0,0
,372728,372728,372728,1,0,0
,372728,372728,372728,1,0,0
,Problem523,,,,,
,372892,372892,372892,1,0,0
,372892,372892,372892,1,0,0
,372892,372892,372892,1,0,0
,Problem524,,,,,
,373394,373394,373394,1,0,0
,373394,373394,373394,1,0,0
,373394,373394,373394,1,0,0
,Problem525,,,,,
,371303,371303,371303,1,0,0
,371303,371303,371303,1,0,0
,371303,371303,371303,1,0,0
,Problem526,,,,,
,370799,370799,370799,1,0,0
,370799,370799,370799,1,0,0
,370799,370799,370799,1,0,0
,Problem527,,,,,
,374977,374977,374977,1,0,0
,374977,374977,374977,1,0,0
,374977,374977,374977,1,0,0
,Problem528,,,,,
,372101,372101,372101,1,0,0
,372101,372101,372101,1,0,0
,372101,372101,372101,1,0,0
,Problem529,,,,,
,371743,371743,371743,1,0,0
,371743,371743,371743,1,0,0
,371743,371743,371743,1,0,0
,Problem530,,,,,
,371932,371932,371932,1,0,0
,371932,371932,371932,1,0,0
,371932,371932,371932,1,0,0
,Problem531,,,,,
,373167,373167,373167,1,0,0
,373167,373167,373167,1,0,0
,373167,373167,373167,1,0,0
,Problem532,,,,,
,371934,371934,371934,1,0,0
,371934,371934,371934,1,0,0
,371934,371934,371934,1,0,0
,Problem533,,,,,
,371819,371825,371819,1,0,112.921
,371819,371825,371819,1,0,109.587
,371819,371825,371819,1,0,41.512
,Problem534,,,,,
,371654,371654,371654,1,0,0
,371654,371654,371654,1,0,0
,371654,371654,371654,1,0,0
,Problem535,,,,,
,372765,372765,372765,1,0,0
,372765,372765,372765,1,0,0
,372765,372765,372765,1,0,0
,Problem536,,,,,
,374169,374169,374169,1,0,0
,374169,374169,374169,1,0,0
,374169,374169,374169,1,0,0
,Problem537,,,,,
,373543,373543,373543,1,0,0
,373543,373543,373543,1,0,0
,373543,373543,373543,1,0,0
,Problem538,,,,,
,371229,371229,371229,1,0,0
,371229,371229,371229,1,0,0
,371229,371229,371229,1,0,0
,Problem539,,,,,
,370865,370865,370865,1,0,0
,370865,370865,370865,1,0,0
,370865,370865,370865,1,0,0
,Problem540,,,,,
,373322,373322,373322,1,0,0
,373322,373322,373322,1,0,0
,373322,373322,373322,1,0,0
,Problem541,,,,,
,745717,745717,745717,1,0,0
,745717,745717,745717,1,0,0
,745717,745717,745717,1,0,0
,Problem542,,,,,
,744777,744777,744777,1,0,0
,744777,744777,744777,1,0,0
,744777,744777,744777,1,0,0
,Problem543,,,,,
,743679,743679,743679,1,0,0
,743679,743679,743679,1,0,0
,743679,743679,743679,1,0,0
,Problem544,,,,,
,742335,742335,742335,1,0,0
,742335,742335,742335,1,0,0
,742335,742335,742335,1,0,0
,Problem545,,,,,
,741688,741688,741688,1,0,0
,741688,741688,741688,1,0,0
,741688,741688,741688,1,0,0
,Problem546,,,,,
,743862,743862,743862,1,0,0
,743862,743862,743862,1,0,0
,743862,743862,743862,1,0,0
,Problem547,,,,,
,741949,741949,741949,1,0,0
,741949,741949,741949,1,0,0
,741949,741949,741949,1,0,0
,Problem548,,,,,
,745678,745678,745678,1,0,0
,745678,745678,745678,1,0,0
,745678,745678,745678,1,0,0
,Problem549,,,,,
,743263,743263,743263,1,0,0
,743263,743263,743263,1,0,0
,743263,743263,743263,1,0,0
,Problem550,,,,,
,740399,740399,740399,1,0,0
,740399,740399,740399,1,0,0
,740399,740399,740399,1,0,0
,Problem551,,,,,
,741027,741027,741027,1,0,0
,741027,741027,741027,1,0,0
,741027,741027,741027,1,0,0
,Problem552,,,,,
,743594,743594,743594,1,0,0
,743594,743594,743594,1,0,0
,743594,743594,743594,1,0,0
,Problem553,,,,,
,743001,743001,743001,1,0,0
,743001,743001,743001,1,0,0
,743001,743001,743001,1,0,0
,Problem554,,,,,
,743298,743298,743298,1,0,0
,743298,743298,743298,1,0,0
,743298,743298,743298,1,0,0
,Problem555,,,,,
,743390,743390,743390,1,0,0
,743390,743390,743390,1,0,0
,743390,743390,743390,1,0,0
,Problem556,,,,,
,743311,743311,743311,1,0,0
,743311,743311,743311,1,0,0
,743311,743311,743311,1,0,0
,Problem557,,,,,
,743596,743596,743596,1,0,0
,743596,743596,743596,1,0,0
,743596,743596,743596,1,0,0
,Problem558,,,,,
,743347,743347,743347,1,0,0
,743347,743347,743347,1,0,0
,743347,743347,743347,1,0,0
,Problem559,,,,,
,742590,742590,742590,1,0,0
,742590,742590,742590,1,0,0
,742590,742590,742590,1,0,0
,Problem560,,,,,
,744476,744476,744476,1,0,0
,744476,744476,744476,1,0,0
,744476,744476,744476,1,0,0
,Problem561,,,,,
,745216,745216,745216,1,0,0
,745216,745216,745216,1,0,0
,745216,745216,745216,1,0,0
,Problem562,,,,,
,746304,746304,746304,1,0,0
,746304,746304,746304,1,0,0
,746304,746304,746304,1,0,0
,Problem563,,,,,
,742766,742766,742766,1,0,0
,742766,742766,742766,1,0,0
,742766,742766,742766,1,0,0
,Problem564,,,,,
,745586,745586,745586,1,0,0
,745586,745586,745586,1,0,0
,745586,745586,745586,1,0,0
,Problem565,,,,,
,744316,744316,744316,1,0,0
,744316,744316,744316,1,0,0
,744316,744316,744316,1,0,0
,Problem566,,,,,
,742892,742892,742892,1,0,0
,742892,742892,742892,1,0,0
,742892,742892,742892,1,0,0
,Problem567,,,,,
,744450,744450,744450,1,0,0
,744450,744450,744450,1,0,0
,744450,744450,744450,1,0,0
,Problem568,,,,,
,743653,743653,743653,1,0,0
,743653,743653,743653,1,0,0
,743653,743653,743653,1,0,0
,Problem569,,,,,
,741493,741493,741493,1,0,0
,741493,741493,741493,1,0,0
,741493,741493,741493,1,0,0
,Problem570,,,,,
,743671,743671,743671,1,0,0
,743671,743671,743671,1,0,0
,743671,743671,743671,1,0,0
,Problem571,,,,,
,744557,744557,744557,1,0,0
,744557,744557,744557,1,0,0
,744557,744557,744557,1,0,0
,Problem572,,,,,
,744337,744337,744337,1,0,0
,744337,744337,744337,1,0,0
,744337,744337,744337,1,0,0
,Problem573,,,,,
,744884,744884,744884,1,0,0
,744884,744884,744884,1,0,0
,744884,744884,744884,1,0,0
,Problem574,,,,,
,744100,744100,744100,1,0,0
,744100,744100,744100,1,0,0
,744100,744100,744100,1,0,0
,Problem575,,,,,
,741189,741189,741189,1,0,0
,741189,741189,741189,1,0,0
,741189,741189,741189,1,0,0
,Problem576,,,,,
,743222,743222,743222,1,0,0
,743222,743222,743222,1,0,0
,743222,743222,743222,1,0,0
,Problem577,,,,,
,744974,744974,744974,1,0,0
,744974,744974,744974,1,0,0
,744974,744974,744974,1,0,0
,Problem578,,,,,
,746313,746313,746313,1,0,0
,746313,746313,746313,1,0,0
,746313,746313,746313,1,0,0
,Problem579,,,,,
,743354,743354,743354,1,0,0
,743354,743354,743354,1,0,0
,743354,743354,743354,1,0,0
,Problem580,,,,,
,744351,744351,744351,1,0,0
,744351,744351,744351,1,0,0
,744351,744351,744351,1,0,0
,Problem581,,,,,
,745614,745614,745614,1,0,0
,745614,745614,745614,1,0,0
,745614,745614,745614,1,0,0
,Problem582,,,,,
,741311,741311,741311,1,0,0
,741311,741311,741311,1,0,0
,741311,741311,741311,1,0,0
,Problem583,,,,,
,744641,744641,744641,1,0,0
,744641,744641,744641,1,0,0
,744641,744641,744641,1,0,0
,Problem584,,,,,
,743061,743061,743061,1,0,0
,743061,743061,743061,1,0,0
,743061,743061,743061,1,0,0
,Problem585,,,,,
,743989,743989,743989,1,0,0
,743989,743989,743989,1,0,0
,743989,743989,743989,1,0,0
,Problem586,,,,,
,744378,744378,744378,1,0,0
,744378,744378,744378,1,0,0
,744378,744378,744378,1,0,0
,Problem587,,,,,
,743240,743240,743240,1,0,0
,743240,743240,743240,1,0,0
,743240,743240,743240,1,0,0
,Problem588,,,,,
,743884,743884,743884,1,0,0
,743884,743884,743884,1,0,0
,743884,743884,743884,1,0,0
,Problem589,,,,,
,744554,744554,744554,1,0,0
,744554,744554,744554,1,0,0
,744554,744554,744554,1,0,0
,Problem590,,,,,
,745658,745658,745658,1,0,0
,745658,745658,745658,1,0,0
,745658,745658,745658,1,0,0
,Problem591,,,,,
,745191,745191,745191,1,0,0
,745191,745191,745191,1,0,0
,745191,745191,745191,1,0,0
,Problem592,,,,,
,744374,744374,744374,1,0,0
,744374,744374,744374,1,0,0
,744374,744374,744374,1,0,0
,Problem593,,,,,
,744001,744001,744001,1,0,0
,744001,744001,744001,1,0,0
,744001,744001,744001,1,0,0
,Problem594,,,,,
,746063,746063,746063,1,0,0
,746063,746063,746063,1,0,0
,746063,746063,746063,1,0,0
,Problem595,,,,,
,743737,743737,743737,1,0,0
,743737,743737,743737,1,0,0
,743737,743737,743737,1,0,0
,Problem596,,,,,
,745532,745532,745532,1,0,0
,745532,745532,745532,1,0,0
,745532,745532,745532,1,0,0
,Problem597,,,,,
,744810,744810,744810,1,0,0
,744810,744810,744810,1,0,0
,744810,744810,744810,1,0,0
,Problem598,,,,,
,744151,744151,744151,1,0,0
,744151,744151,744151,1,0,0
,744151,744151,744151,1,0,0
,Problem599,,,,,
,744383,744383,744383,1,0,0
,744383,744383,744383,1,0,0
,744383,744383,744383,1,0,0
,Problem600,,,,,
,744421,744421,744421,1,0,0
,744421,744421,744421,1,0,0
,744421,744421,744421,1,0,0
