Problem1,10,4,
1,68,46,96,49,
,17,6,17,5,
2,56,60,87,73,
,8,16,4,7,
3,74,82,53,30,
,14,15,8,3,
4,52,10,57,80,
,16,19,9,6,
5,8,23,32,1,
,12,14,6,5,
6,87,30,25,54,
,16,11,3,17,
7,5,56,17,75,
,14,20,20,18,
8,75,98,52,95,
,14,4,20,9,
9,72,29,10,30,
,3,18,16,3,
10,97,10,71,85,
,18,16,5,19,
Problem2,10,4,
1,17,59,48,42,
,10,5,1,8,
2,34,75,27,49,
,2,4,11,12,
3,42,50,7,8,
,14,15,3,18,
4,91,7,94,19,
,15,20,11,17,
5,7,1,60,53,
,10,3,20,18,
6,32,59,75,30,
,1,10,5,19,
7,89,27,10,78,
,9,16,19,2,
8,71,78,68,44,
,13,19,19,10,
9,89,87,15,37,
,18,18,15,3,
10,69,16,27,93,
,13,15,2,13,
Problem3,10,4,
1,49,88,87,54,
,12,18,12,17,
2,99,72,19,88,
,6,8,3,11,
3,18,37,17,26,
,6,17,12,17,
4,38,35,63,67,
,12,19,14,6,
5,83,13,46,82,
,20,16,14,12,
6,99,14,83,11,
,12,4,5,11,
7,99,58,84,51,
,14,16,18,20,
8,58,60,7,16,
,16,9,17,3,
9,82,37,12,83,
,3,7,1,10,
10,89,95,2,81,
,1,18,3,15,
Problem4,10,4,
1,74,44,10,18,
,3,13,20,17,
2,81,82,28,72,
,19,5,16,16,
3,67,82,52,45,
,10,14,5,4,
4,83,50,38,29,
,15,15,20,7,
5,6,41,2,33,
,15,9,12,12,
6,84,19,5,75,
,3,16,17,20,
7,48,18,78,60,
,14,10,14,17,
8,57,2,90,96,
,12,18,8,18,
9,91,50,45,5,
,8,7,17,4,
10,6,69,31,29,
,18,6,13,20,
Problem5,10,4,
1,3,42,79,87,
,17,11,9,3,
2,77,32,75,90,
,19,4,3,9,
3,86,59,66,82,
,16,1,15,2,
4,79,53,40,77,
,3,2,1,12,
5,36,98,58,28,
,5,4,4,14,
6,13,68,16,23,
,20,9,20,3,
7,74,72,73,80,
,1,19,6,1,
8,68,47,82,32,
,6,9,15,3,
9,9,85,60,81,
,5,14,4,3,
10,20,62,17,6,
,3,8,9,16,
Problem6,10,4,
1,67,16,87,51,
,17,14,14,10,
2,60,11,49,10,
,19,11,17,17,
3,84,25,11,51,
,12,16,2,6,
4,87,50,58,61,
,4,10,17,10,
5,6,4,2,50,
,2,6,19,5,
6,75,88,43,63,
,18,18,5,15,
7,80,88,13,45,
,8,3,13,10,
8,97,87,36,38,
,7,2,9,19,
9,25,37,97,2,
,3,10,1,1,
10,25,15,14,15,
,15,17,13,17,
Problem7,10,4,
1,82,35,13,9,
,16,2,20,4,
2,58,18,86,30,
,20,1,15,11,
3,55,28,53,39,
,20,6,12,18,
4,51,45,90,89,
,6,14,3,18,
5,65,78,4,53,
,16,10,13,12,
6,78,7,25,29,
,7,2,8,3,
7,85,56,40,89,
,13,12,16,5,
8,24,16,41,46,
,15,2,1,11,
9,69,81,89,63,
,12,11,19,20,
10,54,34,12,99,
,12,2,4,19,
Problem8,10,4,
1,5,8,97,55,
,2,17,17,10,
2,73,52,85,54,
,2,8,2,19,
3,58,95,84,57,
,20,12,1,3,
4,17,71,87,71,
,3,12,4,10,
5,26,31,12,43,
,7,4,12,4,
6,56,3,49,13,
,8,1,6,11,
7,65,61,82,91,
,20,18,13,3,
8,87,37,34,50,
,17,6,14,4,
9,93,54,54,59,
,20,11,7,8,
10,95,31,6,59,
,11,8,13,19,
Problem9,10,4,
1,77,67,54,27,
,16,20,14,1,
2,85,10,82,76,
,4,13,15,19,
3,40,65,62,48,
,9,2,16,13,
4,6,57,39,35,
,12,6,11,18,
5,79,93,16,91,
,4,11,12,20,
6,86,84,2,57,
,13,7,20,16,
7,2,100,28,58,
,14,10,17,4,
8,95,85,12,51,
,12,10,16,20,
9,18,3,96,85,
,4,2,15,8,
10,34,8,14,5,
,9,16,12,18,
Problem10,10,4,
1,4,83,85,5,
,4,15,12,1,
2,36,7,97,21,
,10,5,12,18,
3,66,81,67,75,
,9,14,12,19,
4,62,81,47,35,
,15,11,14,3,
5,68,25,44,76,
,9,16,8,7,
6,29,67,15,94,
,17,3,3,4,
7,59,62,12,2,
,13,6,9,15,
8,69,29,75,1,
,6,17,16,15,
9,77,87,61,28,
,6,14,20,11,
10,32,28,93,58,
,11,7,9,17,
Problem11,10,4,
1,30,39,28,5,
,6,19,19,20,
2,11,54,85,21,
,8,14,5,7,
3,7,58,37,21,
,8,16,14,16,
4,71,12,75,68,
,3,10,7,6,
5,2,20,53,98,
,14,17,18,15,
6,77,21,38,56,
,4,17,1,3,
7,35,35,50,19,
,13,19,1,7,
8,93,85,14,53,
,12,19,19,3,
9,27,37,73,27,
,19,7,11,19,
10,46,10,12,34,
,10,18,3,10,
Problem12,10,4,
1,24,45,95,54,
,19,18,9,3,
2,79,8,5,74,
,16,7,19,18,
3,90,69,52,45,
,19,18,20,6,
4,94,53,26,50,
,9,6,9,17,
5,38,31,37,94,
,5,10,14,9,
6,68,20,92,97,
,18,13,5,14,
7,98,58,96,4,
,20,1,15,9,
8,25,38,45,74,
,15,13,10,15,
9,1,20,90,46,
,2,11,16,4,
10,28,23,64,90,
,14,2,19,5,
Problem13,10,4,
1,55,54,91,96,
,5,1,18,10,
2,40,4,12,8,
,3,10,3,9,
3,30,61,13,19,
,4,20,3,9,
4,23,63,84,95,
,12,14,3,4,
5,29,2,5,81,
,2,13,7,13,
6,98,13,15,61,
,10,10,6,18,
7,41,26,11,25,
,14,2,19,12,
8,42,77,64,50,
,16,4,7,14,
9,13,98,8,22,
,6,6,5,18,
10,20,43,86,41,
,14,20,8,7,
Problem14,10,4,
1,72,67,94,12,
,20,20,4,12,
2,40,89,25,37,
,11,4,14,12,
3,94,90,90,52,
,19,12,7,16,
4,57,58,38,63,
,12,5,9,8,
5,61,95,60,32,
,18,11,19,14,
6,30,75,98,34,
,7,12,20,5,
7,25,45,82,43,
,20,2,19,11,
8,53,48,90,9,
,20,9,2,20,
9,39,36,77,72,
,8,6,14,17,
10,86,31,31,94,
,1,9,12,6,
Problem15,10,4,
1,17,20,29,99,
,13,5,16,8,
2,48,16,10,33,
,7,3,1,12,
3,31,40,27,25,
,18,14,2,14,
4,14,36,45,72,
,5,10,4,14,
5,74,55,18,32,
,11,8,10,11,
6,11,21,11,56,
,19,19,11,7,
7,23,40,72,83,
,4,3,8,20,
8,78,95,74,58,
,12,1,11,10,
9,100,78,81,17,
,20,20,1,15,
10,1,8,16,6,
,9,19,1,14,
Problem16,10,4,
1,33,24,84,78,
,18,20,19,16,
2,37,28,65,46,
,16,18,13,10,
3,24,69,62,7,
,5,4,9,17,
4,78,9,25,43,
,10,4,18,16,
5,37,67,77,10,
,17,9,2,9,
6,46,79,7,1,
,15,6,19,1,
7,1,64,86,18,
,6,9,18,20,
8,27,76,19,66,
,17,9,1,2,
9,38,95,49,50,
,15,8,7,5,
10,56,40,2,55,
,12,17,19,20,
Problem17,10,4,
1,19,82,52,74,
,4,18,13,9,
2,27,12,21,13,
,1,3,4,8,
3,4,22,72,72,
,13,18,13,9,
4,76,26,97,12,
,18,14,14,14,
5,59,96,5,99,
,13,4,12,7,
6,86,43,67,18,
,16,5,18,13,
7,63,49,96,50,
,20,14,3,7,
8,12,6,16,11,
,15,18,20,12,
9,28,34,35,20,
,11,3,4,3,
10,9,79,6,58,
,13,13,11,1,
Problem18,10,4,
1,36,28,19,33,
,18,18,3,11,
2,32,33,64,98,
,14,4,14,13,
3,62,8,12,3,
,16,10,6,9,
4,26,17,92,45,
,19,15,6,1,
5,42,67,80,68,
,9,18,16,4,
6,30,80,20,15,
,7,5,2,6,
7,62,85,48,82,
,14,2,20,4,
8,64,41,68,58,
,12,4,13,5,
9,93,57,32,77,
,20,19,2,7,
10,96,10,44,47,
,10,4,2,15,
Problem19,10,4,
1,51,51,33,62,
,4,6,20,8,
2,8,22,11,83,
,7,16,11,16,
3,61,11,38,14,
,14,17,17,4,
4,17,34,41,14,
,11,6,4,7,
5,17,12,5,15,
,1,11,20,19,
6,76,82,83,6,
,8,18,13,19,
7,83,62,6,72,
,13,3,13,10,
8,70,51,58,67,
,6,2,10,15,
9,13,93,44,52,
,15,4,6,10,
10,43,31,87,84,
,3,7,9,2,
Problem20,10,4,
1,55,95,56,79,
,4,1,10,17,
2,97,50,55,36,
,7,2,6,14,
3,78,74,8,23,
,1,14,4,12,
4,50,66,7,77,
,1,19,4,20,
5,67,49,21,67,
,19,1,5,2,
6,68,35,73,47,
,14,19,14,17,
7,20,19,35,6,
,15,17,8,19,
8,95,3,36,48,
,8,8,14,9,
9,73,51,8,4,
,18,16,8,5,
10,47,34,59,33,
,11,19,13,3,
Problem21,10,6,
1,71,47,40,58,40,9,
,5,16,13,11,5,9,
2,13,67,88,8,73,61,
,8,10,17,13,8,5,
3,25,90,9,94,28,95,
,3,10,19,17,7,8,
4,84,67,41,10,55,32,
,15,5,20,12,20,19,
5,21,89,81,47,22,37,
,12,2,14,15,12,3,
6,27,34,46,55,70,60,
,12,6,9,12,18,1,
7,48,44,24,84,6,10,
,14,10,7,15,11,19,
8,43,6,86,61,34,28,
,4,3,11,19,16,19,
9,78,7,82,99,75,76,
,3,13,14,2,1,6,
10,94,67,45,75,47,18,
,6,3,3,5,12,16,
Problem22,10,6,
1,30,31,89,54,34,11,
,17,18,19,8,2,14,
2,80,82,30,86,49,25,
,3,17,3,4,4,19,
3,98,76,94,67,89,75,
,14,12,16,14,20,3,
4,69,58,57,55,37,46,
,9,12,16,12,1,17,
5,79,42,83,73,52,88,
,6,10,12,13,1,7,
6,27,40,63,68,57,57,
,14,2,2,14,2,16,
7,48,6,4,95,20,67,
,14,18,12,7,20,18,
8,74,97,91,44,70,95,
,12,4,5,11,1,16,
9,81,44,49,38,5,89,
,10,9,14,19,1,1,
10,10,5,13,67,5,19,
,5,18,12,4,19,10,
Problem23,10,6,
1,23,61,92,90,30,85,
,12,11,13,7,15,5,
2,21,59,19,48,93,19,
,6,18,15,17,2,15,
3,8,36,9,96,25,4,
,18,17,13,16,8,4,
4,36,22,94,96,26,10,
,1,16,7,4,16,16,
5,10,79,7,54,55,55,
,18,5,20,6,1,1,
6,93,55,96,36,62,58,
,18,9,11,17,15,6,
7,85,1,95,56,26,97,
,5,18,18,6,9,18,
8,48,27,29,92,77,98,
,4,10,11,11,1,10,
9,96,96,38,32,44,44,
,3,7,18,18,17,3,
10,4,61,44,40,22,24,
,14,16,11,3,4,15,
Problem24,10,6,
1,67,66,25,87,17,79,
,3,7,5,6,11,6,
2,77,86,6,20,6,97,
,2,15,15,18,2,1,
3,36,30,51,37,4,51,
,2,13,18,3,1,7,
4,50,96,80,70,38,25,
,19,6,2,17,12,14,
5,100,47,68,100,64,8,
,15,19,16,17,5,19,
6,31,60,96,5,3,31,
,17,7,1,16,4,5,
7,61,5,58,65,49,27,
,18,13,18,7,9,3,
8,98,13,26,38,4,55,
,18,18,16,18,4,6,
9,67,77,85,69,70,36,
,16,9,8,12,6,17,
10,83,18,41,17,53,81,
,13,17,5,14,15,13,
Problem25,10,6,
1,9,68,24,23,2,31,
,11,6,1,10,8,4,
2,6,89,41,74,8,4,
,3,19,14,6,1,9,
3,56,93,31,85,98,65,
,8,7,11,9,14,14,
4,90,100,76,55,57,9,
,19,19,2,1,10,1,
5,41,81,70,10,35,82,
,10,3,15,10,12,15,
6,47,10,68,86,79,26,
,5,12,1,15,10,2,
7,97,84,35,47,94,3,
,10,5,15,18,14,17,
8,83,61,17,70,86,11,
,13,13,14,9,7,14,
9,95,3,10,45,66,47,
,12,12,14,3,9,4,
10,54,60,89,9,10,86,
,12,8,3,12,13,13,
Problem26,10,6,
1,98,55,50,79,79,80,
,19,2,20,16,19,14,
2,19,100,78,89,37,40,
,3,1,1,5,7,4,
3,5,87,55,46,7,94,
,3,19,1,3,1,14,
4,86,73,17,29,14,77,
,12,2,14,20,17,9,
5,57,71,84,83,23,76,
,8,1,10,13,7,10,
6,35,76,31,63,51,58,
,15,19,6,4,4,11,
7,32,86,20,90,56,16,
,18,11,12,6,4,7,
8,75,20,9,6,76,15,
,11,1,15,3,1,8,
9,18,53,11,34,76,2,
,8,8,6,20,1,6,
10,36,64,86,27,35,88,
,12,9,15,16,12,16,
Problem27,10,6,
1,34,87,89,66,13,82,
,4,11,13,10,1,7,
2,48,37,98,18,75,90,
,19,4,13,14,13,5,
3,91,59,68,24,23,56,
,8,19,16,3,4,17,
4,87,42,23,16,22,42,
,14,19,12,17,19,4,
5,5,62,27,30,8,93,
,8,11,4,3,18,9,
6,84,2,33,65,36,23,
,19,6,5,2,8,20,
7,80,76,100,91,33,14,
,5,13,11,19,4,8,
8,27,14,32,25,45,34,
,15,7,3,14,5,12,
9,49,86,7,89,12,70,
,5,9,7,12,12,20,
10,62,62,83,5,20,11,
,13,6,3,14,16,12,
Problem28,10,6,
1,23,39,18,2,83,46,
,18,5,14,10,2,16,
2,89,27,12,90,36,40,
,3,1,8,9,3,9,
3,78,57,32,25,37,71,
,7,20,9,19,19,19,
4,88,88,5,58,77,94,
,6,11,11,15,20,11,
5,63,83,59,9,74,40,
,11,17,11,19,11,15,
6,65,28,55,12,46,82,
,4,7,2,3,9,20,
7,89,55,11,15,78,50,
,20,4,2,11,1,16,
8,14,92,20,47,34,99,
,11,4,11,18,19,1,
9,20,3,96,38,94,86,
,3,14,19,16,16,8,
10,47,52,64,44,25,47,
,9,1,12,13,14,14,
Problem29,10,6,
1,27,58,96,52,73,76,
,6,2,20,8,18,19,
2,22,84,13,26,82,1,
,8,4,5,6,13,8,
3,25,3,32,36,31,37,
,1,1,15,6,2,7,
4,57,69,45,47,17,50,
,10,13,12,11,12,8,
5,65,34,59,100,57,87,
,6,11,3,8,8,7,
6,52,24,36,35,33,71,
,12,7,14,8,1,7,
7,64,16,88,71,98,53,
,19,13,12,11,15,10,
8,98,19,21,42,12,79,
,13,19,9,20,4,15,
9,35,25,46,46,86,74,
,2,6,17,19,16,10,
10,83,46,88,80,32,68,
,2,18,5,5,20,14,
Problem30,10,6,
1,68,66,53,4,51,31,
,9,19,7,18,11,16,
2,38,54,96,63,67,84,
,9,17,8,2,4,20,
3,4,3,4,21,14,45,
,6,20,5,20,6,9,
4,58,9,37,65,24,58,
,17,9,15,3,7,12,
5,41,45,43,93,13,58,
,9,8,12,18,15,8,
6,38,26,36,17,55,36,
,10,19,10,13,2,4,
7,3,23,33,23,93,33,
,3,2,15,5,17,1,
8,31,52,8,1,99,37,
,16,11,12,17,17,11,
9,37,74,84,66,91,57,
,11,8,10,18,11,18,
10,67,85,21,30,28,11,
,11,7,10,20,6,8,
Problem31,10,6,
1,43,11,98,5,85,94,
,2,18,9,1,11,18,
2,34,83,5,2,48,48,
,17,11,4,10,16,3,
3,56,90,73,52,68,17,
,2,10,4,1,7,20,
4,27,85,41,7,32,75,
,13,17,5,14,8,17,
5,39,51,68,56,22,55,
,8,7,10,16,12,11,
6,18,32,63,4,51,74,
,1,13,8,10,7,18,
7,92,99,87,62,87,12,
,16,17,13,10,1,5,
8,2,52,40,19,64,43,
,10,15,3,17,17,20,
9,30,73,85,32,22,40,
,10,9,10,5,6,18,
10,49,39,69,49,2,50,
,13,2,5,11,18,12,
Problem32,10,6,
1,56,28,81,45,39,51,
,5,3,4,11,12,8,
2,85,95,12,19,88,67,
,2,5,18,10,1,6,
3,31,77,96,36,81,82,
,18,10,11,18,9,7,
4,60,38,18,77,19,94,
,2,6,1,16,3,3,
5,1,15,76,82,51,2,
,16,16,19,5,7,9,
6,93,63,84,71,98,85,
,6,10,19,18,7,5,
7,57,14,36,7,21,90,
,15,17,1,19,8,9,
8,67,16,1,42,12,23,
,5,9,3,1,13,7,
9,99,97,37,59,10,79,
,11,19,15,2,17,2,
10,59,72,72,62,95,77,
,20,20,10,13,13,15,
Problem33,10,6,
1,11,10,85,75,85,58,
,4,17,6,14,17,3,
2,32,68,20,8,93,70,
,14,8,11,4,4,18,
3,43,32,36,72,43,66,
,6,3,13,5,17,10,
4,52,48,99,64,83,88,
,12,18,1,9,4,5,
5,64,89,85,48,21,92,
,5,6,14,10,4,7,
6,76,14,52,58,2,79,
,16,3,14,4,11,4,
7,55,47,67,99,45,29,
,20,10,5,17,15,9,
8,95,92,86,82,85,83,
,20,12,20,19,10,12,
9,55,89,99,2,99,29,
,11,14,2,7,16,10,
10,39,84,59,58,59,89,
,10,1,1,20,11,3,
Problem34,10,6,
1,47,66,6,31,30,80,
,15,8,3,1,4,13,
2,21,58,39,13,68,29,
,19,8,18,8,1,9,
3,66,90,62,98,7,59,
,11,20,4,4,7,1,
4,96,14,84,39,54,86,
,14,10,5,8,17,11,
5,6,26,28,56,19,94,
,7,12,16,4,1,5,
6,95,12,99,62,22,87,
,9,2,14,8,5,18,
7,18,94,33,4,64,45,
,2,16,8,15,13,15,
8,81,26,1,90,98,63,
,1,3,3,14,8,10,
9,81,99,28,12,62,93,
,14,17,12,13,20,12,
10,67,90,37,70,59,66,
,12,13,18,17,14,10,
Problem35,10,6,
1,57,17,88,82,43,10,
,13,19,3,20,9,9,
2,6,19,39,36,46,97,
,1,13,17,13,5,12,
3,10,17,40,42,53,73,
,16,17,5,11,8,10,
4,60,11,1,23,57,9,
,16,3,9,12,17,3,
5,1,42,72,49,97,25,
,6,14,12,13,13,20,
6,50,56,95,68,86,52,
,8,9,14,16,18,20,
7,29,85,96,17,97,20,
,12,5,20,10,8,8,
8,89,2,73,20,92,13,
,7,19,8,18,14,14,
9,75,71,50,50,37,65,
,5,16,1,10,9,12,
10,48,85,34,62,20,51,
,6,15,13,7,19,3,
Problem36,10,6,
1,39,44,79,21,79,34,
,4,2,19,19,19,15,
2,49,53,56,52,79,87,
,8,2,19,3,12,5,
3,48,16,33,61,29,94,
,11,14,1,5,19,12,
4,70,24,97,97,59,41,
,19,7,2,20,17,11,
5,83,15,7,73,72,13,
,12,8,20,10,13,18,
6,76,68,34,22,1,38,
,11,12,8,17,2,11,
7,37,19,94,1,41,85,
,8,17,3,10,15,11,
8,56,21,33,75,6,40,
,4,10,2,10,3,9,
9,75,31,88,78,41,13,
,11,5,16,14,11,18,
10,88,23,14,41,64,51,
,6,6,12,17,10,10,
Problem37,10,6,
1,15,4,26,53,35,43,
,16,7,11,15,16,15,
2,24,33,43,80,48,65,
,5,13,14,13,6,12,
3,82,14,13,21,71,29,
,15,9,4,18,14,20,
4,84,83,90,36,12,59,
,13,15,15,12,1,15,
5,6,1,94,88,86,61,
,1,15,16,8,12,4,
6,30,21,43,62,37,77,
,17,9,12,2,4,8,
7,12,39,37,16,91,87,
,4,11,8,13,16,2,
8,91,60,61,18,20,81,
,6,17,16,6,4,16,
9,38,67,23,52,2,68,
,2,13,3,15,3,9,
10,89,36,13,93,14,12,
,10,15,19,10,1,12,
Problem38,10,6,
1,8,13,66,63,53,27,
,5,2,3,10,20,16,
2,25,28,87,58,78,50,
,4,16,13,6,16,4,
3,56,30,20,86,13,57,
,18,15,14,12,8,9,
4,96,36,86,51,68,61,
,1,4,6,16,6,18,
5,56,67,20,96,28,31,
,16,9,4,20,5,20,
6,71,20,2,84,15,39,
,15,10,10,6,18,6,
7,92,27,58,43,27,1,
,4,4,5,17,18,14,
8,42,44,34,80,13,59,
,8,9,20,5,17,13,
9,55,76,9,46,23,35,
,9,10,6,15,10,5,
10,10,37,14,89,84,71,
,5,10,5,7,14,1,
Problem39,10,6,
1,37,81,2,51,46,42,
,11,15,13,10,14,5,
2,73,99,24,39,53,8,
,5,19,20,18,2,13,
3,57,15,30,56,66,26,
,10,5,12,12,19,10,
4,68,47,81,38,80,47,
,14,8,6,14,3,7,
5,38,55,57,61,22,11,
,15,16,8,1,10,11,
6,12,49,7,58,93,33,
,12,7,2,9,3,13,
7,96,8,16,74,98,54,
,16,13,16,3,5,6,
8,9,97,75,33,3,100,
,19,15,8,7,12,1,
9,46,6,64,99,13,51,
,17,13,18,2,19,3,
10,76,32,2,25,2,27,
,9,2,20,9,12,11,
Problem40,10,6,
1,7,88,55,98,59,23,
,11,13,3,11,1,17,
2,50,6,58,84,4,44,
,6,9,9,16,20,9,
3,76,80,46,62,39,69,
,2,1,5,16,1,14,
4,66,67,16,42,98,82,
,13,5,16,2,15,18,
5,15,79,53,72,72,15,
,5,11,14,20,1,17,
6,88,49,50,60,78,3,
,3,14,13,17,2,6,
7,23,90,96,63,94,92,
,4,11,17,8,15,13,
8,18,10,72,45,28,73,
,20,2,19,6,7,14,
9,16,25,42,70,72,74,
,15,16,6,11,12,9,
10,81,80,69,67,43,23,
,12,16,19,14,4,19,
Problem41,10,10,
1,86,76,39,22,10,51,27,67,21,57,
,14,11,11,12,15,12,17,11,11,4,
2,99,43,7,99,49,83,85,26,8,20,
,16,18,9,17,8,4,9,17,5,11,
3,62,80,39,99,88,88,45,26,41,42,
,1,12,3,11,19,15,13,9,17,14,
4,67,25,34,40,31,26,35,70,69,74,
,2,13,12,3,12,12,17,1,8,11,
5,20,3,84,74,25,94,9,95,28,46,
,3,7,11,1,19,6,4,17,18,6,
6,85,38,14,2,14,68,58,90,34,35,
,11,6,15,14,16,2,15,11,6,19,
7,13,48,96,35,87,28,88,22,17,40,
,3,5,13,1,9,6,20,6,11,1,
8,52,61,5,24,86,28,21,12,59,94,
,15,4,19,8,10,15,1,6,1,4,
9,32,17,43,15,23,72,38,68,25,35,
,12,2,14,16,10,6,10,14,7,5,
10,12,75,88,81,46,24,69,70,55,57,
,16,8,10,2,12,11,15,3,17,7,
Problem42,10,10,
1,4,69,40,78,10,69,61,66,86,5,
,10,10,11,4,7,15,2,19,16,4,
2,9,13,8,63,82,55,29,56,3,12,
,18,10,19,16,1,3,20,1,8,5,
3,81,95,60,62,79,18,53,84,85,88,
,3,2,18,20,4,17,19,8,18,10,
4,23,59,25,46,50,95,53,1,13,27,
,6,17,13,2,3,10,7,5,6,6,
5,28,77,89,30,59,61,55,47,16,68,
,19,16,19,13,9,12,4,17,7,10,
6,81,58,39,26,73,97,20,22,6,52,
,10,18,16,8,8,13,3,14,10,18,
7,90,82,33,8,23,45,45,64,5,32,
,4,15,7,2,12,8,3,6,16,16,
8,31,39,71,48,75,79,62,70,93,94,
,19,2,6,7,4,11,12,6,11,13,
9,57,44,97,84,21,65,63,94,26,37,
,7,17,20,18,16,17,2,5,7,6,
10,72,18,56,34,11,33,94,24,41,87,
,9,3,3,18,5,14,15,12,20,13,
Problem43,10,10,
1,15,94,86,74,23,55,25,8,15,66,
,17,11,11,9,5,16,6,15,3,11,
2,80,84,71,62,57,49,41,35,94,23,
,3,4,2,14,19,15,9,8,17,15,
3,97,23,71,24,7,14,67,13,19,90,
,14,20,13,2,14,20,6,7,19,11,
4,70,82,17,32,98,25,9,17,21,79,
,5,14,6,11,16,6,17,15,11,17,
5,65,41,84,86,62,24,84,65,91,8,
,14,14,19,20,6,2,14,7,15,2,
6,79,32,49,61,71,89,48,37,24,76,
,8,15,18,16,1,20,2,4,20,3,
7,88,100,13,52,65,76,71,67,68,2,
,19,20,6,17,15,9,9,1,13,4,
8,22,74,76,40,22,22,82,9,51,93,
,9,10,13,7,7,3,2,16,13,5,
9,45,5,81,55,15,10,25,22,33,7,
,12,10,19,5,14,11,9,12,17,10,
10,26,2,51,28,69,81,26,9,30,24,
,2,9,3,11,7,6,1,2,10,19,
Problem44,10,10,
1,29,67,72,92,96,86,29,30,36,53,
,17,8,16,9,17,14,19,4,6,8,
2,83,76,33,96,80,74,78,14,36,45,
,12,18,6,3,18,14,6,16,1,10,
3,37,41,66,88,35,32,86,6,85,92,
,5,3,1,5,3,12,4,1,15,17,
4,9,72,94,78,100,13,22,23,85,30,
,16,3,2,14,14,14,1,12,12,4,
5,11,69,85,6,30,7,5,24,70,37,
,7,18,12,17,8,20,10,17,11,6,
6,24,64,81,5,82,44,85,19,97,77,
,10,6,5,14,4,16,20,7,2,7,
7,76,6,98,36,25,89,80,70,1,11,
,5,15,10,17,6,6,13,17,17,4,
8,62,60,43,24,48,27,28,73,2,21,
,9,13,3,11,8,13,6,14,2,2,
9,7,56,89,3,70,85,4,69,96,46,
,20,16,11,8,5,3,15,5,17,1,
10,80,32,17,80,69,91,61,72,10,42,
,16,11,12,10,20,9,7,12,20,15,
Problem45,10,10,
1,65,59,73,6,20,66,44,36,71,51,
,14,2,6,13,16,18,8,17,9,3,
2,1,98,90,65,20,100,61,49,40,72,
,6,18,1,19,20,17,6,2,2,16,
3,48,51,37,55,79,29,8,93,26,45,
,2,1,3,10,10,12,6,20,12,9,
4,34,61,27,58,21,7,11,59,66,40,
,19,19,6,14,15,3,2,15,8,18,
5,88,12,82,37,66,42,84,45,25,11,
,12,10,15,7,18,17,6,4,11,15,
6,80,18,1,96,83,80,11,50,21,87,
,5,1,19,19,13,10,5,20,8,9,
7,97,10,10,7,49,52,90,83,70,56,
,10,12,19,1,19,13,5,16,7,10,
8,85,67,18,11,7,40,3,51,33,77,
,9,10,11,3,15,11,8,5,7,17,
9,87,77,34,84,67,85,15,61,47,21,
,12,3,9,16,5,12,16,5,12,2,
10,95,95,96,22,84,81,49,1,44,38,
,19,16,8,17,15,13,9,14,15,2,
Problem46,10,10,
1,35,19,25,93,57,55,90,23,49,66,
,5,8,18,20,14,6,12,14,2,7,
2,39,20,81,94,61,1,11,76,47,33,
,13,13,13,17,9,2,7,3,7,18,
3,73,40,3,95,97,49,51,61,22,46,
,4,7,14,17,10,20,11,20,10,9,
4,4,61,26,98,58,15,14,29,94,52,
,13,15,11,20,11,20,5,16,13,18,
5,5,85,19,46,1,66,69,14,8,11,
,8,8,4,3,7,1,17,14,1,20,
6,13,80,92,22,31,42,28,11,87,14,
,18,9,15,10,5,9,16,2,19,13,
7,49,14,1,87,45,93,77,40,16,75,
,20,6,3,10,5,2,16,14,17,8,
8,63,45,86,51,75,44,18,42,19,17,
,11,13,6,18,18,15,17,4,6,4,
9,54,77,60,38,21,95,17,13,27,13,
,11,15,6,19,7,11,17,6,14,1,
10,52,53,92,81,87,72,14,50,52,96,
,12,8,2,6,10,4,16,11,2,7,
Problem47,10,10,
1,71,12,29,1,92,93,30,89,52,56,
,9,18,16,14,8,15,13,5,15,20,
2,49,92,30,18,21,28,26,40,84,98,
,14,17,6,5,17,11,11,10,1,10,
3,52,6,27,75,69,39,62,53,68,71,
,1,20,5,13,20,16,16,11,18,5,
4,9,59,7,80,73,68,71,21,81,69,
,16,14,5,11,18,13,3,18,8,13,
5,12,94,89,34,94,22,42,49,29,20,
,5,19,7,16,1,4,5,5,4,12,
6,68,75,78,94,71,97,76,65,43,16,
,1,9,12,12,18,5,14,8,20,1,
7,64,3,88,58,68,67,54,83,92,65,
,17,2,6,7,6,13,20,18,10,8,
8,86,56,85,56,79,87,28,66,57,53,
,3,4,20,17,17,5,20,18,6,5,
9,29,83,58,31,29,30,60,14,91,18,
,4,15,13,5,7,14,15,3,17,10,
10,97,35,68,46,43,36,79,46,20,61,
,11,17,8,17,8,10,11,10,11,6,
Problem48,10,10,
1,34,68,43,75,43,60,9,16,59,5,
,2,12,6,13,3,20,14,4,3,3,
2,14,45,79,57,93,79,46,17,91,11,
,14,19,5,9,6,16,2,3,13,15,
3,48,6,8,94,70,49,84,53,83,4,
,16,3,10,4,20,3,11,20,8,17,
4,36,34,33,27,7,97,10,40,25,32,
,2,8,13,18,18,4,6,6,20,1,
5,32,79,11,8,77,59,25,41,88,6,
,3,9,15,4,10,6,14,5,6,6,
6,7,82,26,57,76,99,5,11,98,53,
,18,9,3,14,6,13,20,2,14,8,
7,40,13,12,54,69,84,47,46,23,79,
,1,11,12,16,9,6,6,6,13,2,
8,18,31,10,80,62,10,13,47,94,59,
,10,17,7,18,16,15,4,4,3,17,
9,95,4,68,77,89,12,86,36,61,12,
,14,8,16,2,19,3,6,3,8,4,
10,61,97,95,62,46,85,11,1,48,94,
,13,10,19,6,8,11,5,12,6,17,
Problem49,10,10,
1,72,81,28,25,5,81,34,71,18,8,
,17,12,12,7,11,9,17,1,1,1,
2,21,92,91,28,18,59,85,98,37,44,
,17,2,6,3,7,1,14,10,15,5,
3,75,52,62,60,7,89,49,80,6,25,
,12,16,4,19,8,16,3,7,13,1,
4,47,98,63,95,16,43,77,41,7,59,
,15,3,8,9,3,3,3,10,11,16,
5,12,67,77,49,52,16,53,44,11,23,
,7,20,14,14,7,1,13,6,6,4,
6,81,43,34,15,8,70,84,16,54,70,
,15,12,12,7,20,9,14,13,15,14,
7,54,80,63,65,20,55,56,32,38,32,
,14,4,3,8,4,11,9,10,16,6,
8,13,95,96,5,82,52,67,19,50,97,
,4,6,13,10,12,8,7,17,4,13,
9,14,15,50,37,74,98,87,39,54,82,
,11,4,4,14,5,11,12,6,5,15,
10,72,39,40,83,65,15,77,47,42,20,
,19,7,7,5,16,18,17,4,16,19,
Problem50,10,10,
1,53,10,69,78,21,87,76,79,79,9,
,9,12,18,10,16,9,2,8,20,16,
2,36,97,58,15,29,47,83,84,75,92,
,3,11,3,2,5,1,2,18,4,9,
3,25,76,31,88,26,57,3,57,28,71,
,7,4,7,7,20,13,17,19,5,20,
4,82,87,65,20,38,28,23,92,79,53,
,15,6,6,12,5,4,19,7,8,11,
5,45,71,55,44,23,50,85,44,30,6,
,17,16,19,19,8,14,11,16,19,15,
6,29,40,94,1,47,32,98,82,51,45,
,8,19,18,11,11,17,5,14,11,2,
7,76,77,34,62,2,49,68,14,18,85,
,18,5,11,11,15,2,3,5,5,19,
8,64,83,39,7,36,50,42,28,2,16,
,15,16,11,3,6,1,13,13,8,8,
9,70,10,19,43,68,12,80,71,87,18,
,17,3,17,6,1,4,4,5,3,6,
10,92,53,77,67,40,56,45,37,91,87,
,13,19,3,9,11,3,1,14,14,8,
Problem51,10,10,
1,43,76,18,27,19,39,53,15,94,9,
,1,17,14,15,4,4,14,17,10,14,
2,12,32,71,98,71,77,7,52,79,89,
,2,7,11,13,14,4,16,15,13,19,
3,10,46,63,4,4,60,27,33,20,44,
,20,13,2,11,17,19,11,20,19,9,
4,92,83,49,99,78,95,60,70,72,20,
,5,1,8,6,17,16,10,11,6,16,
5,11,70,68,46,89,17,93,39,56,70,
,7,9,16,8,13,8,11,8,20,17,
6,39,87,65,93,14,71,80,20,35,37,
,2,7,18,17,9,16,10,7,19,8,
7,73,43,98,54,4,33,66,43,18,85,
,17,18,20,20,16,5,12,20,9,17,
8,1,96,38,70,69,32,61,67,71,4,
,10,4,1,6,3,19,19,11,20,3,
9,38,76,40,79,38,35,51,9,9,68,
,20,9,7,14,9,4,11,4,20,6,
10,25,32,68,57,93,68,92,6,20,13,
,11,11,19,17,16,1,12,2,8,6,
Problem52,10,10,
1,70,87,66,24,73,17,99,41,38,97,
,15,13,11,20,15,18,1,12,1,3,
2,83,32,33,89,10,99,24,36,57,25,
,6,12,20,11,13,11,7,17,6,18,
3,47,70,4,31,79,26,41,78,50,35,
,2,18,8,11,14,19,15,1,4,5,
4,95,31,38,64,81,34,66,3,26,78,
,19,14,18,7,8,1,13,20,12,16,
5,92,37,48,99,65,81,98,67,44,5,
,4,10,20,18,8,15,11,10,10,16,
6,5,42,67,44,32,61,40,43,59,19,
,17,7,16,5,1,2,17,3,15,19,
7,61,15,27,3,32,84,73,76,44,41,
,16,15,11,12,5,15,5,5,16,4,
8,99,98,11,74,42,2,46,8,99,77,
,11,14,19,11,2,16,12,10,9,4,
9,92,73,9,33,24,26,17,71,58,46,
,9,1,8,2,3,19,2,19,12,9,
10,78,43,93,58,41,24,8,67,50,13,
,12,8,13,6,16,13,12,14,2,10,
Problem53,10,10,
1,24,54,53,37,96,1,22,16,1,43,
,14,6,2,6,14,2,12,11,17,7,
2,25,51,22,48,75,20,58,98,51,19,
,19,15,12,1,11,11,6,10,16,2,
3,65,61,78,87,98,96,72,67,8,50,
,7,17,8,14,6,16,4,3,7,19,
4,76,93,1,18,4,15,69,71,59,33,
,20,15,5,11,2,16,18,19,15,17,
5,73,5,41,52,65,94,22,10,89,94,
,10,18,14,13,4,3,3,6,5,12,
6,11,55,5,27,92,33,45,10,8,90,
,1,8,19,20,9,7,3,9,13,16,
7,22,20,60,49,23,93,20,72,33,81,
,11,18,9,17,5,14,14,9,18,3,
8,13,33,90,34,25,32,70,88,19,59,
,10,17,11,12,1,13,16,19,7,7,
9,25,1,88,38,7,37,2,51,17,94,
,16,16,11,7,3,20,14,14,16,7,
10,21,67,25,45,65,92,54,88,18,61,
,14,8,15,7,16,1,8,7,2,12,
Problem54,10,10,
1,9,82,20,9,61,87,7,56,4,25,
,6,1,13,15,1,11,4,8,8,14,
2,84,39,55,83,90,17,82,61,38,29,
,7,15,12,14,10,17,15,7,11,7,
3,50,31,100,93,9,14,67,90,42,30,
,2,20,11,1,11,11,6,20,20,6,
4,97,85,66,70,41,3,45,98,67,42,
,10,1,6,17,12,15,3,5,20,17,
5,14,17,87,7,18,61,10,18,26,25,
,20,18,16,1,8,7,16,18,11,5,
6,51,97,96,82,16,73,15,93,27,55,
,13,7,12,7,17,13,3,5,4,17,
7,84,27,77,100,25,62,78,78,86,93,
,8,4,15,20,18,3,8,2,17,14,
8,67,56,3,56,47,70,35,1,91,55,
,15,3,1,9,8,13,20,9,3,4,
9,52,36,6,13,56,96,21,1,66,4,
,16,4,18,9,2,16,15,15,12,1,
10,56,88,27,39,22,43,89,25,25,75,
,19,5,4,8,20,10,3,4,4,3,
Problem55,10,10,
1,44,75,21,82,84,91,100,16,12,21,
,15,20,15,1,1,11,17,4,8,10,
2,57,91,18,87,81,8,81,2,55,16,
,2,9,20,18,8,9,4,16,9,16,
3,70,51,14,99,3,43,53,100,47,71,
,13,7,6,6,16,10,9,10,20,7,
4,22,56,95,33,92,18,59,12,67,85,
,12,14,1,13,15,8,11,6,18,13,
5,39,89,84,38,74,81,78,2,7,79,
,13,6,17,16,6,2,3,3,15,2,
6,7,78,51,52,13,22,56,62,33,9,
,11,14,14,8,14,2,9,6,6,12,
7,33,36,23,63,32,6,92,50,43,2,
,13,12,16,7,4,4,12,2,20,16,
8,15,34,87,55,96,57,80,77,77,64,
,4,20,6,11,20,17,19,20,1,19,
9,50,60,79,95,85,45,13,73,55,8,
,18,14,6,3,12,2,13,8,10,9,
10,82,25,69,33,70,27,66,13,17,9,
,20,8,15,3,5,11,7,1,20,2,
Problem56,10,10,
1,100,18,96,34,12,53,38,63,14,50,
,17,8,10,13,11,15,20,1,9,9,
2,44,12,47,23,62,92,97,81,27,46,
,4,14,9,12,16,10,5,12,17,17,
3,43,73,64,53,90,28,86,53,89,65,
,11,6,10,7,12,1,18,5,3,20,
4,16,79,50,41,14,9,55,70,1,16,
,5,20,15,14,8,16,12,13,4,14,
5,38,89,93,16,49,66,25,44,26,64,
,18,12,11,3,8,1,3,3,19,19,
6,14,59,52,66,100,44,53,71,43,38,
,9,19,1,17,4,12,14,13,11,17,
7,78,11,16,61,90,64,22,100,35,70,
,2,6,14,8,1,18,14,10,2,13,
8,93,96,31,36,91,28,56,68,89,43,
,20,14,5,17,14,3,4,20,7,15,
9,97,14,50,75,31,46,89,38,92,94,
,5,5,5,8,2,18,14,3,1,3,
10,66,59,59,93,97,70,35,66,55,61,
,12,8,14,14,4,3,8,13,20,2,
Problem57,10,10,
1,60,74,7,100,21,14,50,14,88,93,
,3,4,13,5,7,4,2,12,8,9,
2,95,61,84,100,100,74,74,89,47,87,
,2,5,4,20,2,19,4,6,9,20,
3,29,79,62,75,42,98,56,6,21,76,
,7,3,10,4,6,12,18,20,10,6,
4,65,66,18,80,18,39,88,63,70,96,
,11,4,17,16,10,17,6,13,5,16,
5,14,54,94,95,13,77,38,89,31,55,
,16,4,18,1,10,6,7,13,19,4,
6,75,31,99,24,87,99,55,98,71,21,
,8,4,6,18,20,7,14,12,3,15,
7,28,36,88,70,82,74,18,9,25,7,
,13,17,2,9,12,3,19,16,20,5,
8,68,41,49,50,27,48,91,45,26,35,
,5,10,20,14,14,15,5,15,4,4,
9,65,53,23,55,90,12,13,53,72,49,
,13,4,19,18,13,19,2,16,15,3,
10,8,11,57,44,45,14,6,92,15,22,
,6,1,12,3,5,11,2,1,8,17,
Problem58,10,10,
1,47,55,39,1,97,25,12,48,42,93,
,7,11,10,2,9,17,6,4,13,5,
2,44,8,25,10,93,98,7,7,33,19,
,13,2,12,14,14,2,16,6,12,8,
3,55,56,10,97,23,75,3,53,32,48,
,15,8,20,8,11,15,12,16,9,12,
4,69,43,46,62,99,12,74,43,23,35,
,13,8,11,8,10,9,2,19,7,11,
5,7,24,14,56,5,66,68,48,1,62,
,4,2,7,2,11,7,2,16,8,16,
6,17,88,79,6,10,10,26,26,82,26,
,19,13,20,15,3,10,15,8,12,20,
7,80,12,89,46,3,4,80,59,85,85,
,12,18,11,18,18,18,7,6,15,4,
8,47,70,76,22,86,12,55,49,49,74,
,12,4,20,13,17,17,6,18,1,1,
9,44,72,91,5,4,39,19,66,82,39,
,3,7,10,9,2,9,10,19,11,17,
10,18,92,56,67,34,65,12,69,99,77,
,16,17,4,14,17,18,6,11,20,1,
Problem59,10,10,
1,45,81,88,24,27,59,83,54,39,68,
,12,14,9,19,4,3,3,9,13,7,
2,50,30,56,21,95,96,7,44,65,34,
,14,20,3,5,5,20,11,4,17,5,
3,24,12,64,88,50,81,44,44,19,34,
,11,3,20,17,7,16,3,12,10,6,
4,19,86,22,46,35,25,48,87,85,16,
,9,18,10,3,6,13,20,18,9,12,
5,35,50,9,22,6,73,51,39,14,23,
,17,14,6,1,4,1,16,8,17,6,
6,64,29,35,88,55,4,33,7,48,45,
,20,2,11,20,5,19,7,13,2,20,
7,52,54,20,19,36,73,59,13,81,43,
,7,3,15,18,20,2,3,20,8,16,
8,20,14,77,35,41,69,49,44,33,93,
,4,9,13,12,11,8,16,8,8,7,
9,3,2,76,83,79,95,11,47,61,75,
,15,14,4,13,7,15,5,11,15,7,
10,85,14,89,69,70,31,56,11,48,13,
,12,2,19,15,16,3,18,15,17,14,
Problem60,10,10,
1,84,46,97,74,44,51,15,76,89,35,
,13,4,18,8,17,16,15,10,17,8,
2,64,3,66,16,18,48,8,46,32,5,
,12,4,5,9,16,18,12,20,6,18,
3,7,7,47,14,60,39,18,22,97,57,
,3,12,11,7,8,8,6,3,17,7,
4,6,68,64,100,11,14,100,7,77,98,
,19,11,6,15,9,10,6,6,8,10,
5,10,93,84,95,45,90,49,56,87,100,
,18,3,12,11,12,10,20,1,13,8,
6,75,18,94,35,78,58,76,69,59,76,
,12,18,16,12,7,10,17,5,13,14,
7,63,58,22,34,45,90,74,33,25,62,
,11,9,2,13,7,19,1,10,10,10,
8,33,3,53,19,50,47,2,27,17,92,
,14,4,3,8,8,20,3,1,4,15,
9,99,69,7,11,26,77,3,40,65,50,
,3,1,5,1,17,13,2,3,3,3,
10,77,65,38,11,67,55,4,54,79,75,
,7,2,6,5,20,18,12,18,20,8,
